BC099_1,BC099,57884.2,147808,2.55351,4.7625,5.16908,1.08537
BC099_2,BC099,74948.2,76406.5,1.01946,4.87324,4.88118,1.00163
BC099_3,BC099,80522.5,179104,2.22428,4.90314,5.25147,1.07104
BC099_4,BC099,73762.5,226341,3.06851,4.86729,5.35352,1.0999
BC099_5,BC099,149439,0,0,5.17405,-inf,-inf
BC099_6,BC099,62088.8,367260,5.91508,4.79231,5.56452,1.16114
BC099_7,BC099,86170,195408,2.2677,4.93476,5.29076,1.07214
BC099_8,BC099,121717,216592,1.77946,5.08271,5.33449,1.04954
BC099_9,BC099,182729,298230,1.63209,5.26096,5.4735,1.0404
BC099_10,BC099,128101,302422,2.3608,5.10472,5.4785,1.07322
BC130_1,BC130,67765,119626,1.76531,4.82724,5.07544,1.05142
BC130_2,BC130,94590.8,238153,2.51772,4.97471,5.37648,1.08076
BC130_3,BC130,69759.8,123721,1.77353,4.84263,5.09234,1.05156
BC130_4,BC130,70397.8,248972,3.53664,4.84676,5.39606,1.11333
BC130_5,BC130,132844,224506,1.68999,5.12321,5.3511,1.04448
BC130_6,BC130,71693.2,0,0,4.85462,-inf,-inf
BC130_7,BC130,50260,96141.5,1.91288,4.69849,4.98112,1.06015
BC130_8,BC130,58156.5,73958,1.27171,4.76349,4.86801,1.02194
BC130_9,BC130,48827,89132.2,1.82547,4.6846,4.94406,1.05539
BC130_10,BC130,42750.5,133353,3.11933,4.62641,5.12298,1.10733
BC162_1,BC162,108838,0,0,5.03584,-inf,-inf
BC162_2,BC162,112948,0,0,5.05134,-inf,-inf
BC162_3,BC162,79177.5,0,0,4.89729,-inf,-inf
BC162_4,BC162,83694.2,0,0,4.92171,-inf,-inf
BC162_5,BC162,81447.2,0,0,4.91068,-inf,-inf
BC162_6,BC162,112892,0,0,5.05199,-inf,-inf
BC162_7,BC162,50117.8,0,0,4.69953,-inf,-inf
BC162_8,BC162,74968,0,0,4.87455,-inf,-inf
BC162_9,BC162,75832.2,0,0,4.87888,-inf,-inf
BC162_10,BC162,86435.8,0,0,4.93578,-inf,-inf
BC166_1,BC166,82955.8,83435,1.00578,4.91771,4.92077,1.00062
BC166_2,BC166,65631.2,58177.2,0.886426,4.81604,4.76404,0.989204
BC166_3,BC166,52520.8,49344.8,0.939529,4.71879,4.69225,0.994374
BC166_4,BC166,97382.2,0,0,4.98784,-inf,-inf
BC166_5,BC166,47899.2,36696.8,0.766124,4.67943,4.56393,0.975318
BC166_6,BC166,67097.8,56655.2,0.844369,4.82351,4.75,0.984762
BC166_7,BC166,86986.5,44679.8,0.51364,4.93831,4.64889,0.941394
BC166_8,BC166,82243.8,113489,1.37991,4.91278,5.05416,1.02878
BC166_9,BC166,139302,238362,1.71111,5.14241,5.37696,1.04561
BC166_10,BC166,68452.2,60763.2,0.887674,4.83159,4.78279,0.989898
BC215_1,BC215,42267.5,179074,4.23668,4.62496,5.25193,1.13556
BC215_2,BC215,101794,0,0,5.00734,-inf,-inf
BC215_3,BC215,152938,596279,3.89883,5.1841,5.77458,1.1139
BC215_4,BC215,173262,527829,3.04641,5.23784,5.72196,1.09243
BC215_5,BC215,100923,515611,5.10896,5.00352,5.712,1.1416
BC215_6,BC215,117129,405396,3.4611,5.06782,5.60726,1.10645
BC215_7,BC215,69673.2,302149,4.33666,4.84178,5.4797,1.13175
BC215_8,BC215,81045.8,176752,2.18089,4.90534,5.2412,1.06847
BC215_9,BC215,63564.5,266668,4.19524,4.80203,5.42418,1.12956
BC215_10,BC215,88252,255530,2.89546,4.94477,5.40719,1.09352
BC237_1,BC237,43666,157137,3.59861,4.63959,5.1891,1.11844
BC237_2,BC237,91584.5,338272,3.69355,4.95957,5.52556,1.11412
BC237_3,BC237,105143,212310,2.01925,5.01936,5.32667,1.06123
BC237_4,BC237,109249,240838,2.20448,5.03789,5.37984,1.06788
BC237_5,BC237,67780.5,154107,2.27362,4.83015,5.18462,1.07339
BC237_6,BC237,78617,199230,2.53419,4.89437,5.29862,1.08259
BC237_7,BC237,50926.2,0,0,4.70685,-inf,-inf
BC237_8,BC237,93433.2,91239.2,0.976518,4.96791,4.95767,0.997939
BC237_9,BC237,60606.8,46349.8,0.764762,4.78068,4.66313,0.975411
BC237_10,BC237,72716.5,199768,2.74722,4.85829,5.29562,1.09002
BC312_1,BC312,89469.2,128347,1.43454,4.95075,5.10683,1.03153
BC312_2,BC312,64801.5,95022.2,1.46636,4.81032,4.97677,1.0346
BC312_3,BC312,64737.2,116517,1.79984,4.80933,5.06473,1.0531
BC312_4,BC312,176790,244627,1.38371,5.24554,5.38828,1.02721
BC312_5,BC312,56201.5,107356,1.91019,4.74639,5.02879,1.0595
BC312_6,BC312,76676.2,137728,1.79622,4.88233,5.13835,1.05244
BC312_7,BC312,100206,129164,1.28898,4.99982,5.10995,1.02203
BC312_8,BC312,44155.5,58326.8,1.32094,4.6416,4.76449,1.02647
BC312_9,BC312,91478.2,159561,1.74425,4.96015,5.20247,1.04885
BC312_10,BC312,91395,135091,1.4781,4.95999,5.13052,1.03438
BC342_1,BC342,66722.8,211344,3.1675,4.82313,5.32387,1.10382
BC342_2,BC342,77704.8,142220,1.83026,4.88934,5.15066,1.05345
BC342_3,BC342,65934,313972,4.76191,4.81723,5.49688,1.14109
BC342_4,BC342,65794.2,99505.8,1.51238,4.81689,4.99491,1.03696
BC342_5,BC342,151550,385958,2.54673,5.17872,5.58415,1.07829
BC342_6,BC342,58239.8,167525,2.87647,4.76295,5.2236,1.09671
BC342_7,BC342,96693,510524,5.27985,4.98509,5.7075,1.14491
BC342_8,BC342,66533.2,170757,2.56649,4.82108,5.23187,1.08521
BC342_9,BC342,39483,95757.2,2.42528,4.59542,4.97965,1.08361
BC342_10,BC342,99510.2,369830,3.7165,4.99751,5.56656,1.11387
BC360_1,BC360,55225.5,93054.5,1.68499,4.74074,4.96455,1.04721
BC360_2,BC360,70433.2,234549,3.33009,4.84721,5.36995,1.10784
BC360_3,BC360,143125,190657,1.3321,5.15401,5.27796,1.02405
BC360_4,BC360,51561.2,65177,1.26407,4.71083,4.81337,1.02177
BC360_5,BC360,76077.5,122748,1.61346,4.88027,5.08796,1.04256
BC360_6,BC360,136972,210274,1.53517,5.1354,5.32172,1.03628
BC360_7,BC360,86346,157164,1.82017,4.93502,5.19506,1.05269
BC360_8,BC360,56819.5,84098.8,1.4801,4.75334,4.92433,1.03597
BC360_9,BC360,41715,42343.5,1.01507,4.61862,4.62451,1.00127
BC360_10,BC360,28245.5,35792.5,1.26719,4.44667,4.55261,1.02382
GC2405-9_1,GC2405-9,121474,168292,1.38542,5.08345,5.22435,1.02772
GC2405-9_2,GC2405-9,53448.2,83510.2,1.56245,4.72683,4.92054,1.04098
GC2405-9_3,GC2405-9,129128,128876,0.998054,5.1086,5.10736,0.999756
GC2405-9_4,GC2405-9,74347.5,108572,1.46033,4.86821,5.03461,1.03418
GC2405-9_5,GC2405-9,64408,91416.2,1.41933,4.80728,4.95847,1.03145
GC2405-9_6,GC2405-9,62510.8,199257,3.18756,4.79549,5.29866,1.10493
GC2405-9_7,GC2405-9,59247,107030,1.80651,4.77229,5.02754,1.05349
GC2405-9_8,GC2405-9,149206,349374,2.34155,5.17325,5.54266,1.07141
GC2405-9_9,GC2405-9,86158,102292,1.18727,4.93063,5.00637,1.01536
GC2405-9_10,GC2405-9,126614,592691,4.6811,5.10165,5.77248,1.13149
