negative_control_mod_1,negative_control_mod,43650,81835,1.8748,4.63837,4.91198,1.05899
negative_control_mod_2,negative_control_mod,154354,269348,1.745,5.18753,5.43004,1.04675
negative_control_mod_3,negative_control_mod,96295.5,222464,2.31022,4.98136,5.34668,1.07334
negative_control_mod_4,negative_control_mod,73550,118261,1.6079,4.86455,5.07014,1.04226
negative_control_mod_5,negative_control_mod,115668,184209,1.59257,5.06286,5.26518,1.03996
negative_control_mod_6,negative_control_mod,73085.8,237942,3.25565,4.86199,5.37556,1.10563
negative_control_mod_7,negative_control_mod,69941,82595.5,1.18093,4.84257,4.91527,1.01501
negative_control_mod_8,negative_control_mod,64742.2,93632.5,1.44623,4.80857,4.96664,1.03287
negative_control_mod_9,negative_control_mod,111914,156865,1.40165,5.04679,5.19214,1.0288
negative_control_mod_10,negative_control_mod,98906.8,0,0,4.98914,-inf,-inf
negative_control_new_1,negative_control_new,40096.5,44662.2,1.11387,4.60213,4.64895,1.01017
negative_control_new_2,negative_control_new,47616.5,249956,5.24935,4.67351,5.39495,1.15437
negative_control_new_3,negative_control_new,38315,100975,2.6354,4.5818,5.00248,1.09181
negative_control_new_4,negative_control_new,42182.2,49956.8,1.18431,4.62363,4.6978,1.01604
negative_control_new_5,negative_control_new,32749.8,66527.5,2.03139,4.50997,4.82089,1.06894
negative_control_new_6,negative_control_new,48209.5,185780,3.85359,4.68086,5.26852,1.12555
negative_control_new_7,negative_control_new,97628,101716,1.04188,4.98721,5.00504,1.00357
negative_control_new_8,negative_control_new,58202.5,158136,2.71699,4.76248,5.19656,1.09115
negative_control_new_9,negative_control_new,38330,39139,1.02111,4.57924,4.58967,1.00228
negative_control_new_10,negative_control_new,50837.2,103251,2.03102,4.70381,5.01281,1.06569
