Day1_negative_control_mod-1_DSC_0143_side1,41294.0,4.61589,Day56_negative_control_mod-1_DSC_0619_side1,78779.0,4.89641,negative_control_mod,side1,1.90776,1.06077
Day1_negative_control_mod-2_DSC_0148_side1,170128.0,5.23078,Day56_negative_control_mod-2_DSC_0624_side1,280425.0,5.44782,negative_control_mod,side1,1.64832,1.04149
Day1_negative_control_mod-3_DSC_0153_side1,99400.0,4.99739,Day56_negative_control_mod-3_DSC_0629_side1,222673.0,5.34767,negative_control_mod,side1,2.24017,1.07009
Day1_negative_control_mod-4_DSC_0158_side1,71896.0,4.8567,Day56_negative_control_mod-4_DSC_0634_side1,116704.0,5.06709,negative_control_mod,side1,1.62323,1.04332
Day1_negative_control_mod-5_DSC_0163_side1,117445.0,5.06983,Day56_negative_control_mod-5_DSC_0639_side1,179185.0,5.2533,negative_control_mod,side1,1.52569,1.03619
Day1_negative_control_mod-6_DSC_0168_side1,74622.0,4.87287,Day56_negative_control_mod-6_DSC_0650_side1,250617.0,5.39901,negative_control_mod,side1,3.35849,1.10797
Day1_negative_control_mod-7_DSC_0173_side1,77872.0,4.89138,Day56_negative_control_mod-7_DSC_0644_side1,91658.0,4.96217,negative_control_mod,side1,1.17703,1.01447
Day1_negative_control_mod-8_DSC_0178_side1,73365.0,4.86549,Day56_negative_control_mod-8_DSC_0655_side1,100611.0,5.00265,negative_control_mod,side1,1.37138,1.02819
Day1_negative_control_mod-9_DSC_0183_side1,104429.0,5.01882,Day56_negative_control_mod-9_DSC_0660_side1,136261.0,5.13437,negative_control_mod,side1,1.30482,1.02302
Day1_negative_control_mod-10_DSC_0188_side1,91498.0,4.96141,Day56_negative_control_mod_DSC_side1,0,-inf,negative_control_mod,side1,0,-inf
Day1_negative_control_new-1_DSC_0093_side1,40980.0,4.61257,Day56_negative_control_new-1_DSC_0568_side1,46013.0,4.66288,negative_control_new,side1,1.12282,1.01091
Day1_negative_control_new-2_DSC_0098_side1,58912.0,4.7702,Day56_negative_control_new-2_DSC_0573_side1,296137.0,5.47149,negative_control_new,side1,5.02677,1.14701
Day1_negative_control_new-3_DSC_0103_side1,43705.0,4.64053,Day56_negative_control_new-3_DSC_0578_side1,110605.0,5.04377,negative_control_new,side1,2.53072,1.0869
Day1_negative_control_new-4_DSC_0108_side1,41967.0,4.62291,Day56_negative_control_new-4_DSC_0583_side1,53768.0,4.73052,negative_control_new,side1,1.2812,1.02328
Day1_negative_control_new-5_DSC_0113_side1,34769.0,4.54119,Day56_negative_control_new-5_DSC_0588_side1,67320.0,4.82814,negative_control_new,side1,1.93621,1.06319
Day1_negative_control_new-6_DSC_0118_side1,44839.0,4.65166,Day56_negative_control_new-6_DSC_0593_side1,191431.0,5.28201,negative_control_new,side1,4.2693,1.13551
Day1_negative_control_new-7_DSC_0123_side1,95929.0,4.98195,Day56_negative_control_new-7_DSC_0598_side1,99093.0,4.99604,negative_control_new,side1,1.03298,1.00283
Day1_negative_control_new-8_DSC_0128_side1,54889.0,4.73949,Day56_negative_control_new-8_DSC_0603_side1,160462.0,5.20537,negative_control_new,side1,2.92339,1.0983
Day1_negative_control_new-9_DSC_0133_side1,36622.0,4.56374,Day56_negative_control_new-9_DSC_0608_side1,39079.0,4.59194,negative_control_new,side1,1.06709,1.00618
Day1_negative_control_new-10_DSC_0138_side1,46881.0,4.671,Day56_negative_control_new-10_DSC_0613_side1,105069.0,5.02147,negative_control_new,side1,2.24119,1.07503
Day1_negative_control_mod-1_DSC_0144_side2,44321.0,4.64661,Day56_negative_control_mod-1_DSC_0620_side2,85128.0,4.93007,negative_control_mod,side2,1.92071,1.061
Day1_negative_control_mod-2_DSC_0149_side2,140791.0,5.14857,Day56_negative_control_mod-2_DSC_0625_side2,260463.0,5.41575,negative_control_mod,side2,1.85,1.05189
Day1_negative_control_mod-3_DSC_0154_side2,90571.0,4.95699,Day56_negative_control_mod-3_DSC_0630_side2,204386.0,5.31045,negative_control_mod,side2,2.25664,1.07131
Day1_negative_control_mod-4_DSC_0159_side2,73393.0,4.86565,Day56_negative_control_mod-4_DSC_0635_side2,121130.0,5.08325,negative_control_mod,side2,1.65043,1.04472
Day1_negative_control_mod-5_DSC_0164_side2,107742.0,5.03239,Day56_negative_control_mod-5_DSC_0640_side2,184451.0,5.26588,negative_control_mod,side2,1.71197,1.0464
Day1_negative_control_mod-6_DSC_0169_side2,65547.0,4.81655,Day56_negative_control_mod-6_DSC_0651_side2,212720.0,5.32781,negative_control_mod,side2,3.2453,1.10615
Day1_negative_control_mod-7_DSC_0174_side2,60179.0,4.77944,Day56_negative_control_mod-7_DSC_0645_side2,71622.0,4.85505,negative_control_mod,side2,1.19015,1.01582
Day1_negative_control_mod-8_DSC_0179_side2,56132.0,4.74921,Day56_negative_control_mod-8_DSC_0656_side2,74889.0,4.87442,negative_control_mod,side2,1.33416,1.02636
Day1_negative_control_mod-9_DSC_0184_side2,110545.0,5.04354,Day56_negative_control_mod-9_DSC_0661_side2,158353.0,5.19963,negative_control_mod,side2,1.43248,1.03095
Day1_negative_control_mod-10_DSC_0189_side2,93203.0,4.96943,Day56_negative_control_mod_DSC_side2,0,-inf,negative_control_mod,side2,0,-inf
Day1_negative_control_new-1_DSC_0094_side2,35637.0,4.5519,Day56_negative_control_new-1_DSC_0569_side2,39753.0,4.59937,negative_control_new,side2,1.1155,1.01043
Day1_negative_control_new-2_DSC_0099_side2,40397.0,4.60635,Day56_negative_control_new-2_DSC_0574_side2,223411.0,5.3491,negative_control_new,side2,5.53039,1.16125
Day1_negative_control_new-3_DSC_0104_side2,34648.0,4.53968,Day56_negative_control_new-3_DSC_0579_side2,90354.0,4.95595,negative_control_new,side2,2.60777,1.0917
Day1_negative_control_new-4_DSC_0109_side2,41374.0,4.61673,Day56_negative_control_new-4_DSC_0584_side2,45982.0,4.66259,negative_control_new,side2,1.11137,1.00993
Day1_negative_control_new-5_DSC_0114_side2,35383.0,4.54879,Day56_negative_control_new-5_DSC_0589_side2,65883.0,4.81877,negative_control_new,side2,1.862,1.05935
Day1_negative_control_new-6_DSC_0119_side2,44649.0,4.64981,Day56_negative_control_new-6_DSC_0594_side2,172754.0,5.23743,negative_control_new,side2,3.86916,1.12637
Day1_negative_control_new-7_DSC_0124_side2,95016.0,4.9778,Day56_negative_control_new-7_DSC_0599_side2,99628.0,4.99838,negative_control_new,side2,1.04854,1.00414
Day1_negative_control_new-8_DSC_0129_side2,58136.0,4.76445,Day56_negative_control_new-8_DSC_0604_side2,164647.0,5.21655,negative_control_new,side2,2.8321,1.09489
Day1_negative_control_new-9_DSC_0134_side2,39476.0,4.59633,Day56_negative_control_new-9_DSC_0609_side2,38848.0,4.58937,negative_control_new,side2,0.984092,0.998485
Day1_negative_control_new-10_DSC_0139_side2,49622.0,4.69567,Day56_negative_control_new-10_DSC_0614_side2,92894.0,4.96799,negative_control_new,side2,1.87203,1.05799
Day1_negative_control_mod-1_DSC_0145_side3,39457.0,4.59612,Day56_negative_control_mod-1_DSC_0621_side3,74751.0,4.87362,negative_control_mod,side3,1.89449,1.06038
Day1_negative_control_mod-2_DSC_0150_side3,154646.0,5.18934,Day56_negative_control_mod-2_DSC_0626_side3,259466.0,5.41408,negative_control_mod,side3,1.67781,1.04331
Day1_negative_control_mod-3_DSC_0155_side3,84526.0,4.92699,Day56_negative_control_mod-3_DSC_0631_side3,227870.0,5.35769,negative_control_mod,side3,2.69586,1.08742
Day1_negative_control_mod-4_DSC_0160_side3,64428.0,4.80907,Day56_negative_control_mod-4_DSC_0636_side3,99307.0,4.99698,negative_control_mod,side3,1.54136,1.03907
Day1_negative_control_mod-5_DSC_0165_side3,118124.0,5.07234,Day56_negative_control_mod-5_DSC_0641_side3,181898.0,5.25983,negative_control_mod,side3,1.53989,1.03696
Day1_negative_control_mod-6_DSC_0170_side3,68743.0,4.83723,Day56_negative_control_mod-6_DSC_0652_side3,239829.0,5.3799,negative_control_mod,side3,3.48878,1.11219
Day1_negative_control_mod-7_DSC_0175_side3,66960.0,4.82582,Day56_negative_control_mod-7_DSC_0646_side3,84123.0,4.92491,negative_control_mod,side3,1.25632,1.02054
Day1_negative_control_mod-8_DSC_0180_side3,59637.0,4.77552,Day56_negative_control_mod-8_DSC_0657_side3,87574.0,4.94238,negative_control_mod,side3,1.46845,1.03494
Day1_negative_control_mod-9_DSC_0185_side3,101957.0,5.00842,Day56_negative_control_mod-9_DSC_0662_side3,144107.0,5.15869,negative_control_mod,side3,1.41341,1.03
Day1_negative_control_mod-10_DSC_0190_side3,82823.0,4.91815,Day56_negative_control_mod_DSC_side3,0,-inf,negative_control_mod,side3,0,-inf
Day1_negative_control_new-1_DSC_0095_side3,41453.0,4.61756,Day56_negative_control_new-1_DSC_0570_side3,47599.0,4.6776,negative_control_new,side3,1.14826,1.013
Day1_negative_control_new-2_DSC_0100_side3,45932.0,4.66212,Day56_negative_control_new-2_DSC_0575_side3,255269.0,5.407,negative_control_new,side3,5.55754,1.15977
Day1_negative_control_new-3_DSC_0105_side3,37560.0,4.57473,Day56_negative_control_new-3_DSC_0580_side3,93776.0,4.97209,negative_control_new,side3,2.4967,1.08686
Day1_negative_control_new-4_DSC_0110_side3,37750.0,4.57692,Day56_negative_control_new-4_DSC_0585_side3,51760.0,4.71399,negative_control_new,side3,1.37113,1.02995
Day1_negative_control_new-5_DSC_0115_side3,24543.0,4.38993,Day56_negative_control_new-5_DSC_0590_side3,57253.0,4.7578,negative_control_new,side3,2.33276,1.0838
Day1_negative_control_new-6_DSC_0120_side3,46371.0,4.66625,Day56_negative_control_new-6_DSC_0595_side3,183533.0,5.26371,negative_control_new,side3,3.95793,1.12804
Day1_negative_control_new-7_DSC_0125_side3,85486.0,4.93189,Day56_negative_control_new-7_DSC_0600_side3,89216.0,4.95044,negative_control_new,side3,1.04363,1.00376
Day1_negative_control_new-8_DSC_0130_side3,51434.0,4.71125,Day56_negative_control_new-8_DSC_0605_side3,131549.0,5.11909,negative_control_new,side3,2.55763,1.08657
Day1_negative_control_new-9_DSC_0135_side3,31147.0,4.49342,Day56_negative_control_new-9_DSC_0610_side3,32890.0,4.51706,negative_control_new,side3,1.05596,1.00526
Day1_negative_control_new-10_DSC_0140_side3,46729.0,4.66959,Day56_negative_control_new-10_DSC_0615_side3,113213.0,5.0539,negative_control_new,side3,2.42276,1.0823
Day1_negative_control_mod-1_DSC_0146_side4,49528.0,4.69485,Day56_negative_control_mod-1_DSC_0622_side4,88682.0,4.94784,negative_control_mod,side4,1.79054,1.05389
Day1_negative_control_mod-2_DSC_0151_side4,151851.0,5.18142,Day56_negative_control_mod-2_DSC_0627_side4,277036.0,5.44254,negative_control_mod,side4,1.82439,1.0504
Day1_negative_control_mod-3_DSC_0156_side4,110685.0,5.04409,Day56_negative_control_mod-3_DSC_0632_side4,234926.0,5.37093,negative_control_mod,side4,2.12247,1.0648
Day1_negative_control_mod-4_DSC_0161_side4,84483.0,4.92677,Day56_negative_control_mod-4_DSC_0637_side4,135903.0,5.13323,negative_control_mod,side4,1.60864,1.04191
Day1_negative_control_mod-5_DSC_0166_side4,119362.0,5.07687,Day56_negative_control_mod-5_DSC_0642_side4,191303.0,5.28172,negative_control_mod,side4,1.60271,1.04035
Day1_negative_control_mod-6_DSC_0171_side4,83431.0,4.92133,Day56_negative_control_mod-6_DSC_0653_side4,248601.0,5.3955,negative_control_mod,side4,2.97972,1.09635
Day1_negative_control_mod-7_DSC_0176_side4,74753.0,4.87363,Day56_negative_control_mod-7_DSC_0647_side4,82979.0,4.91897,negative_control_mod,side4,1.11004,1.0093
Day1_negative_control_mod-8_DSC_0181_side4,69835.0,4.84407,Day56_negative_control_mod-8_DSC_0658_side4,111456.0,5.0471,negative_control_mod,side4,1.59599,1.04191
Day1_negative_control_mod-9_DSC_0186_side4,130727.0,5.11637,Day56_negative_control_mod-9_DSC_0663_side4,188739.0,5.27586,negative_control_mod,side4,1.44376,1.03117
Day1_negative_control_mod-10_DSC_0191_side4,128103.0,5.10756,Day56_negative_control_mod_DSC_side4,0,-inf,negative_control_mod,side4,0,-inf
Day1_negative_control_new-1_DSC_0096_side4,42316.0,4.6265,Day56_negative_control_new-1_DSC_0571_side4,45284.0,4.65594,negative_control_new,side4,1.07014,1.00636
Day1_negative_control_new-2_DSC_0101_side4,45225.0,4.65538,Day56_negative_control_new-2_DSC_0576_side4,225006.0,5.35219,negative_control_new,side4,4.97526,1.14968
Day1_negative_control_new-3_DSC_0106_side4,37347.0,4.57226,Day56_negative_control_new-3_DSC_0581_side4,109166.0,5.03809,negative_control_new,side4,2.92302,1.10188
Day1_negative_control_new-4_DSC_0111_side4,47638.0,4.67795,Day56_negative_control_new-4_DSC_0586_side4,48317.0,4.6841,negative_control_new,side4,1.01425,1.00131
Day1_negative_control_new-5_DSC_0116_side4,36304.0,4.55995,Day56_negative_control_new-5_DSC_0591_side4,75654.0,4.87883,negative_control_new,side4,2.0839,1.06993
Day1_negative_control_new-6_DSC_0121_side4,56979.0,4.75571,Day56_negative_control_new-6_DSC_0596_side4,195400.0,5.29092,negative_control_new,side4,3.42933,1.11254
Day1_negative_control_new-7_DSC_0126_side4,114081.0,5.05721,Day56_negative_control_new-7_DSC_0601_side4,118929.0,5.07529,negative_control_new,side4,1.0425,1.00357
Day1_negative_control_new-8_DSC_0131_side4,68351.0,4.83474,Day56_negative_control_new-8_DSC_0606_side4,175884.0,5.24523,negative_control_new,side4,2.57325,1.0849
Day1_negative_control_new-9_DSC_0136_side4,46075.0,4.66347,Day56_negative_control_new-9_DSC_0611_side4,45739.0,4.66029,negative_control_new,side4,0.992708,0.999318
Day1_negative_control_new-10_DSC_0141_side4,60117.0,4.779,Day56_negative_control_new-10_DSC_0616_side4,101829.0,5.00787,negative_control_new,side4,1.69385,1.04789
