Day1_BC099-1_DSC_0308_side1,58552.0,4.76754,Day56_BC099-1_DSC_0528_side1,134499.0,5.12872,BC099,side1,2.29709,1.07576
Day1_BC099-2_DSC_0313_side1,69422.0,4.8415,Day56_BC099-2_DSC_0533_side1,67909.0,4.83193,BC099,side1,0.978206,0.998023
Day1_BC099-3_DSC_0318_side1,72216.0,4.85863,Day56_BC099-3_DSC_0538_side1,170580.0,5.23193,BC099,side1,2.36208,1.07683
Day1_BC099-4_DSC_0323_side1,76820.0,4.88547,Day56_BC099-4_DSC_0543_side1,206385.0,5.31468,BC099,side1,2.68661,1.08785
Day1_BC099-5_DSC_0328_side1,151830.0,5.18136,Day56_BC099-5_DSC_side1,0,-inf,BC099,side1,0,-inf
Day1_BC099-6_DSC_0333_side1,64379.0,4.80874,Day56_BC099-6_DSC_0548_side1,395630.0,5.59729,BC099,side1,6.14533,1.16398
Day1_BC099-7_DSC_0338_side1,89456.0,4.95161,Day56_BC099-7_DSC_0553_side1,192775.0,5.28505,BC099,side1,2.15497,1.06734
Day1_BC099-8_DSC_0343_side1,111514.0,5.04733,Day56_BC099-8_DSC_0558_side1,205831.0,5.31351,BC099,side1,1.84579,1.05274
Day1_BC099-9_DSC_0349_side1,182901.0,5.26222,Day56_BC099-9_DSC_0563_side1,297781.0,5.4739,BC099,side1,1.6281,1.04023
Day1_BC099-10_DSC_0354_side1,118138.0,5.07239,Day56_BC099-10_DSC_0568_side1,276103.0,5.44107,BC099,side1,2.33712,1.07268
Day1_BC130-1_DSC_0258_side1,66363.0,4.82193,Day56_BC130-1_DSC_0673_side1,106041.0,5.02547,BC130,side1,1.59789,1.04221
Day1_BC130-2_DSC_0263_side1,99128.0,4.9962,Day56_BC130-2_DSC_0678_side1,235896.0,5.37272,BC130,side1,2.37971,1.07536
Day1_BC130-3_DSC_0268_side1,68040.0,4.83276,Day56_BC130-3_DSC_0683_side1,128031.0,5.10732,BC130,side1,1.8817,1.05681
Day1_BC130-4_DSC_0273_side1,73980.0,4.86911,Day56_BC130-4_DSC_0688_side1,253732.0,5.40438,BC130,side1,3.42974,1.10993
Day1_BC130-5_DSC_0278_side1,134016.0,5.12716,Day56_BC130-5_DSC_0693_side1,232113.0,5.3657,BC130,side1,1.73198,1.04653
Day1_BC130-6_DSC_0283_side1,76874.0,4.88578,Day56_BC130-6_DSC_side1,0,-inf,BC130,side1,0,-inf
Day1_BC130-7_DSC_0288_side1,51230.0,4.70952,Day56_BC130-7_DSC_0698_side1,101690.0,5.00728,BC130,side1,1.98497,1.06322
Day1_BC130-8_DSC_0293_side1,61008.0,4.78539,Day56_BC130-8_DSC_0703_side1,80388.0,4.90519,BC130,side1,1.31766,1.02504
Day1_BC130-9_DSC_0298_side1,44301.0,4.64641,Day56_BC130-9_DSC_0708_side1,81863.0,4.91309,BC130,side1,1.84788,1.05739
Day1_BC130-10_DSC_0303_side1,45493.0,4.65794,Day56_BC130-10_DSC_0713_side1,129845.0,5.11343,BC130,side1,2.85418,1.09779
Day1_BC162-1_DSC_0359_side1,116770.0,5.06733,Day56_BC162-1_DSC_side1,0,-inf,BC162,side1,0,-inf
Day1_BC162-2_DSC_0364_side1,114883.0,5.06026,Day56_BC162-2_DSC_side1,0,-inf,BC162,side1,0,-inf
Day1_BC162-3_DSC_0369_side1,84727.0,4.92802,Day56_BC162-3_DSC_side1,0,-inf,BC162,side1,0,-inf
Day1_BC162-4_DSC_0374_side1,90078.0,4.95462,Day56_BC162-4_DSC_side1,0,-inf,BC162,side1,0,-inf
Day1_BC162-5_DSC_0379_side1,80740.0,4.90709,Day56_BC162-5_DSC_side1,0,-inf,BC162,side1,0,-inf
Day1_BC162-6_DSC_0384_side1,111588.0,5.04762,Day56_BC162-6_DSC_side1,0,-inf,BC162,side1,0,-inf
Day1_BC162-7_DSC_0389_side1,50887.0,4.70661,Day56_BC162-7_DSC_side1,0,-inf,BC162,side1,0,-inf
Day1_BC162-8_DSC_0394_side1,73300.0,4.8651,Day56_BC162-8_DSC_side1,0,-inf,BC162,side1,0,-inf
Day1_BC162-9_DSC_0399_side1,74119.0,4.86993,Day56_BC162-9_DSC_side1,0,-inf,BC162,side1,0,-inf
Day1_BC162-10_DSC_0404_side1,86706.0,4.93805,Day56_BC162-10_DSC_side1,0,-inf,BC162,side1,0,-inf
Day1_BC166-1_DSC_0003_side1,78040.0,4.89232,Day56_BC166-1_DSC_0337_side1,76197.0,4.88194,BC166,side1,0.976384,0.997878
Day1_BC166-2_DSC_0008_side1,68615.0,4.83642,Day56_BC166-2_DSC_0343_side1,54235.0,4.73428,BC166,side1,0.790425,0.978881
Day1_BC166-3_DSC_0013_side1,57779.0,4.76177,Day56_BC166-3_DSC_0348_side1,54983.0,4.74023,BC166,side1,0.951609,0.995476
Day1_BC166-4_DSC_0020_side1,100426.0,5.00185,Day56_BC166-4_DSC_side1,0,-inf,BC166,side1,0,-inf
Day1_BC166-5_DSC_0025_side1,51739.0,4.71382,Day56_BC166-5_DSC_0353_side1,36027.0,4.55663,BC166,side1,0.696322,0.966653
Day1_BC166-6_DSC_0030_side1,78576.0,4.89529,Day56_BC166-6_DSC_0358_side1,63673.0,4.80396,BC166,side1,0.810336,0.981342
Day1_BC166-7_DSC_0035_side1,82005.0,4.91384,Day56_BC166-7_DSC_0363_side1,44143.0,4.64486,BC166,side1,0.538296,0.945261
Day1_BC166-8_DSC_0040_side1,74095.0,4.86979,Day56_BC166-8_DSC_0368_side1,105294.0,5.0224,BC166,side1,1.42107,1.03134
Day1_BC166-9_DSC_0045_side1,129683.0,5.11288,Day56_BC166-9_DSC_0373_side1,235922.0,5.37277,BC166,side1,1.81922,1.05083
Day1_BC166-10_DSC_0050_side1,77764.0,4.89078,Day56_BC166-10_DSC_0378_side1,65022.0,4.81306,BC166,side1,0.836145,0.984109
Day1_BC215-1_DSC_0207_side1,44084.0,4.64428,Day56_BC215-1_DSC_0383_side1,179038.0,5.25295,BC215,side1,4.06129,1.13106
Day1_BC215-2_DSC_0212_side1,99543.0,4.99801,Day56_BC215-2_DSC_side1,0,-inf,BC215,side1,0,-inf
Day1_BC215-3_DSC_0217_side1,150166.0,5.17657,Day56_BC215-3_DSC_0388_side1,554865.0,5.74419,BC215,side1,3.69501,1.10965
Day1_BC215-4_DSC_0223_side1,172146.0,5.2359,Day56_BC215-4_DSC_0393_side1,530606.0,5.72477,BC215,side1,3.0823,1.09337
Day1_BC215-5_DSC_0228_side1,104293.0,5.01826,Day56_BC215-5_DSC_0398_side1,493320.0,5.69313,BC215,side1,4.73014,1.13448
Day1_BC215-6_DSC_0233_side1,109684.0,5.04014,Day56_BC215-6_DSC_0403_side1,372919.0,5.57161,BC215,side1,3.39994,1.10545
Day1_BC215-7_DSC_0238_side1,73180.0,4.86439,Day56_BC215-7_DSC_0408_side1,299212.0,5.47598,BC215,side1,4.08871,1.12573
Day1_BC215-8_DSC_0243_side1,75943.0,4.88049,Day56_BC215-8_DSC_0413_side1,147875.0,5.16989,BC215,side1,1.94718,1.0593
Day1_BC215-9_DSC_0248_side1,69470.0,4.8418,Day56_BC215-9_DSC_0418_side1,277992.0,5.44403,BC215,side1,4.00161,1.12438
Day1_BC215-10_DSC_0253_side1,83106.0,4.91963,Day56_BC215-10_DSC_0423_side1,250219.0,5.39832,BC215,side1,3.01084,1.0973
Day1_BC237-1_DSC_0409_side1,42317.0,4.62651,Day56_BC237-1_DSC_0718_side1,128945.0,5.1104,BC237,side1,3.04712,1.10459
Day1_BC237-2_DSC_0414_side1,100876.0,5.00379,Day56_BC237-2_DSC_0723_side1,393329.0,5.59476,BC237,side1,3.89913,1.1181
Day1_BC237-3_DSC_0419_side1,101966.0,5.00846,Day56_BC237-3_DSC_0728_side1,203030.0,5.30756,BC237,side1,1.99115,1.05972
Day1_BC237-4_DSC_0424_side1,111455.0,5.0471,Day56_BC237-4_DSC_0733_side1,250700.0,5.39915,BC237,side1,2.24934,1.06975
Day1_BC237-5_DSC_0429_side1,66683.0,4.82402,Day56_BC237-5_DSC_0738_side1,138944.0,5.14284,BC237,side1,2.08365,1.06609
Day1_BC237-6_DSC_0434_side1,69354.0,4.84107,Day56_BC237-6_DSC_0743_side1,192840.0,5.2852,BC237,side1,2.78052,1.09174
Day1_BC237-7_DSC_0439_side1,52125.0,4.71705,Day56_BC237-7_DSC_side1,0,-inf,BC237,side1,0,-inf
Day1_BC237-8_DSC_0444_side1,97833.0,4.99049,Day56_BC237-8_DSC_0748_side1,93963.0,4.97296,BC237,side1,0.960443,0.996488
Day1_BC237-9_DSC_0449_side1,60454.0,4.78143,Day56_BC237-9_DSC_0753_side1,54997.0,4.74034,BC237,side1,0.909733,0.991407
Day1_BC237-10_DSC_0454_side1,70924.0,4.85079,Day56_BC237-10_DSC_0758_side1,207149.0,5.31628,BC237,side1,2.92072,1.09596
Day1_BC312-1_DSC_0157_side1,97271.0,4.98798,Day56_BC312-1_DSC_0573_side1,144916.0,5.16112,BC312,side1,1.48982,1.03471
Day1_BC312-2_DSC_0162_side1,70818.0,4.85014,Day56_BC312-2_DSC_0578_side1,102589.0,5.0111,BC312,side1,1.44863,1.03319
Day1_BC312-3_DSC_0167_side1,72468.0,4.86015,Day56_BC312-3_DSC_0583_side1,128754.0,5.10976,BC312,side1,1.7767,1.05136
Day1_BC312-4_DSC_0172_side1,154354.0,5.18852,Day56_BC312-4_DSC_0588_side1,248365.0,5.39509,BC312,side1,1.60906,1.03981
Day1_BC312-5_DSC_0177_side1,60406.0,4.78108,Day56_BC312-5_DSC_0593_side1,116009.0,5.06449,BC312,side1,1.92049,1.05928
Day1_BC312-6_DSC_0182_side1,83271.0,4.92049,Day56_BC312-6_DSC_0598_side1,142441.0,5.15364,BC312,side1,1.71057,1.04738
Day1_BC312-7_DSC_0187_side1,97635.0,4.98961,Day56_BC312-7_DSC_0603_side1,134392.0,5.12837,BC312,side1,1.37647,1.02781
Day1_BC312-8_DSC_0192_side1,51385.0,4.71084,Day56_BC312-8_DSC_0608_side1,63577.0,4.8033,BC312,side1,1.23727,1.01963
Day1_BC312-9_DSC_0197_side1,93343.0,4.97008,Day56_BC312-9_DSC_0613_side1,157738.0,5.19794,BC312,side1,1.68987,1.04585
Day1_BC312-10_DSC_0202_side1,90314.0,4.95576,Day56_BC312-10_DSC_0618_side1,130276.0,5.11486,BC312,side1,1.44248,1.03211
Day1_BC342-1_DSC_0105_side1,71366.0,4.85349,Day56_BC342-1_DSC_0478_side1,222140.0,5.34663,BC342,side1,3.11269,1.1016
Day1_BC342-2_DSC_0110_side1,81220.0,4.90966,Day56_BC342-2_DSC_0483_side1,153258.0,5.18542,BC342,side1,1.88695,1.05617
Day1_BC342-3_DSC_0115_side1,61655.0,4.78997,Day56_BC342-3_DSC_0488_side1,316230.0,5.5,BC342,side1,5.12902,1.14823
Day1_BC342-4_DSC_0120_side1,72190.0,4.85848,Day56_BC342-4_DSC_0493_side1,109213.0,5.03827,BC342,side1,1.51285,1.03701
Day1_BC342-5_DSC_0125_side1,136113.0,5.1339,Day56_BC342-5_DSC_0498_side1,338774.0,5.52991,BC342,side1,2.48892,1.07714
Day1_BC342-6_DSC_0130_side1,53790.0,4.7307,Day56_BC342-6_DSC_0503_side1,171307.0,5.23378,BC342,side1,3.18474,1.10634
Day1_BC342-7_DSC_0137_side1,100190.0,5.00082,Day56_BC342-7_DSC_0508_side1,532299.0,5.72616,BC342,side1,5.3129,1.14504
Day1_BC342-8_DSC_0142_side1,72343.0,4.8594,Day56_BC342-8_DSC_0513_side1,183830.0,5.26442,BC342,side1,2.54109,1.08335
Day1_BC342-9_DSC_0147_side1,41675.0,4.61988,Day56_BC342-9_DSC_0518_side1,106364.0,5.02679,BC342,side1,2.55223,1.08808
Day1_BC342-10_DSC_0152_side1,103784.0,5.01613,Day56_BC342-10_DSC_0523_side1,413692.0,5.61668,BC342,side1,3.98609,1.11972
Day1_BC360-1_DSC_0055_side1,56239.0,4.75004,Day56_BC360-1_DSC_0428_side1,85587.0,4.93241,BC360,side1,1.52184,1.03839
Day1_BC360-2_DSC_0060_side1,72333.0,4.85934,Day56_BC360-2_DSC_0433_side1,242200.0,5.38417,BC360,side1,3.3484,1.10801
Day1_BC360-3_DSC_0065_side1,150923.0,5.17876,Day56_BC360-3_DSC_0438_side1,201387.0,5.30403,BC360,side1,1.33437,1.02419
Day1_BC360-4_DSC_0070_side1,55364.0,4.74323,Day56_BC360-4_DSC_0443_side1,64766.0,4.81135,BC360,side1,1.16982,1.01436
Day1_BC360-5_DSC_0075_side1,77635.0,4.89006,Day56_BC360-5_DSC_0448_side1,127610.0,5.10588,BC360,side1,1.64372,1.04414
Day1_BC360-6_DSC_0080_side1,146540.0,5.16596,Day56_BC360-6_DSC_0453_side1,227427.0,5.35684,BC360,side1,1.55198,1.03695
Day1_BC360-7_DSC_0085_side1,91413.0,4.96101,Day56_BC360-7_DSC_0458_side1,171501.0,5.23427,BC360,side1,1.87611,1.05508
Day1_BC360-8_DSC_0090_side1,58181.0,4.76478,Day56_BC360-8_DSC_0463_side1,84512.0,4.92692,BC360,side1,1.45257,1.03403
Day1_BC360-9_DSC_0095_side1,43407.0,4.63756,Day56_BC360-9_DSC_0468_side1,39831.0,4.60022,BC360,side1,0.917617,0.991949
Day1_BC360-10_DSC_0100_side1,30313.0,4.48163,Day56_BC360-10_DSC_0473_side1,36140.0,4.55799,BC360,side1,1.19223,1.01704
Day1_GC2405-9-1_DSC_0459_side1,117082.0,5.06849,Day56_GC2405-9-1_DSC_0763_side1,161870.0,5.20917,GC2405-9,side1,1.38254,1.02776
Day1_GC2405-9-2_DSC_0464_side1,56422.0,4.75145,Day56_GC2405-9-2_DSC_0769_side1,84830.0,4.92855,GC2405-9,side1,1.50349,1.03727
Day1_GC2405-9-3_DSC_0469_side1,129510.0,5.1123,Day56_GC2405-9-3_DSC_0774_side1,130082.0,5.11422,GC2405-9,side1,1.00442,1.00037
Day1_GC2405-9-4_DSC_0474_side1,60843.0,4.78421,Day56_GC2405-9-4_DSC_0779_side1,102742.0,5.01175,GC2405-9,side1,1.68864,1.04756
Day1_GC2405-9-5_DSC_0479_side1,63461.0,4.80251,Day56_GC2405-9-5_DSC_0784_side1,91230.0,4.96014,GC2405-9,side1,1.43758,1.03282
Day1_GC2405-9-6_DSC_0484_side1,64205.0,4.80757,Day56_GC2405-9-6_DSC_0789_side1,189947.0,5.27863,GC2405-9,side1,2.95845,1.09798
Day1_GC2405-9-7_DSC_0489_side1,60430.0,4.78125,Day56_GC2405-9-7_DSC_0794_side1,93462.0,4.97064,GC2405-9,side1,1.54662,1.03961
Day1_GC2405-9-8_DSC_0494_side1,149390.0,5.17432,Day56_GC2405-9-8_DSC_0799_side1,364242.0,5.56139,GC2405-9,side1,2.4382,1.07481
Day1_GC2405-9-9_DSC_0499_side1,100207.0,5.0009,Day56_GC2405-9-9_DSC_0804_side1,114170.0,5.05755,GC2405-9,side1,1.13934,1.01133
Day1_GC2405-9-10_DSC_0504_side1,124617.0,5.09558,Day56_GC2405-9-10_DSC_0809_side1,570448.0,5.75622,GC2405-9,side1,4.57761,1.12965
Day1_BC099-1_DSC_0309_side2,57716.0,4.7613,Day56_BC099-1_DSC_0529_side2,152956.0,5.18457,BC099,side2,2.65015,1.0889
Day1_BC099-2_DSC_0314_side2,74849.0,4.87419,Day56_BC099-2_DSC_0534_side2,77854.0,4.89128,BC099,side2,1.04015,1.00351
Day1_BC099-3_DSC_0319_side2,79557.0,4.90068,Day56_BC099-3_DSC_0539_side2,173237.0,5.23864,BC099,side2,2.17752,1.06896
Day1_BC099-4_DSC_0324_side2,67576.0,4.82979,Day56_BC099-4_DSC_0544_side2,221582.0,5.34553,BC099,side2,3.279,1.10678
Day1_BC099-5_DSC_0329_side2,142397.0,5.1535,Day56_BC099-5_DSC_side2,0,-inf,BC099,side2,0,-inf
Day1_BC099-6_DSC_0334_side2,56658.0,4.75326,Day56_BC099-6_DSC_0549_side2,352439.0,5.54708,BC099,side2,6.22046,1.16701
Day1_BC099-7_DSC_0339_side2,83795.0,4.92322,Day56_BC099-7_DSC_0554_side2,189513.0,5.27764,BC099,side2,2.26163,1.07199
Day1_BC099-8_DSC_0344_side2,125280.0,5.09788,Day56_BC099-8_DSC_0559_side2,211748.0,5.32582,BC099,side2,1.6902,1.04471
Day1_BC099-9_DSC_0350_side2,168148.0,5.22569,Day56_BC099-9_DSC_0564_side2,266725.0,5.42606,BC099,side2,1.58625,1.03834
Day1_BC099-10_DSC_0355_side2,140173.0,5.14666,Day56_BC099-10_DSC_0569_side2,327911.0,5.51576,BC099,side2,2.33933,1.07171
Day1_BC130-1_DSC_0259_side2,57147.0,4.75699,Day56_BC130-1_DSC_0674_side2,116309.0,5.06561,BC130,side2,2.03526,1.06488
Day1_BC130-2_DSC_0264_side2,83277.0,4.92053,Day56_BC130-2_DSC_0679_side2,244857.0,5.38891,BC130,side2,2.94027,1.09519
Day1_BC130-3_DSC_0269_side2,69655.0,4.84295,Day56_BC130-3_DSC_0684_side2,120843.0,5.08222,BC130,side2,1.73488,1.04941
Day1_BC130-4_DSC_0274_side2,71814.0,4.85621,Day56_BC130-4_DSC_0689_side2,240785.0,5.38163,BC130,side2,3.3529,1.1082
Day1_BC130-5_DSC_0279_side2,128956.0,5.11044,Day56_BC130-5_DSC_0694_side2,221561.0,5.34549,BC130,side2,1.71811,1.04599
Day1_BC130-6_DSC_0284_side2,65390.0,4.81551,Day56_BC130-6_DSC_side2,0,-inf,BC130,side2,0,-inf
Day1_BC130-7_DSC_0289_side2,51446.0,4.71135,Day56_BC130-7_DSC_0699_side2,87427.0,4.94165,BC130,side2,1.69939,1.04888
Day1_BC130-8_DSC_0294_side2,54389.0,4.73551,Day56_BC130-8_DSC_0704_side2,68154.0,4.83349,BC130,side2,1.25308,1.02069
Day1_BC130-9_DSC_0299_side2,46931.0,4.67146,Day56_BC130-9_DSC_0709_side2,69569.0,4.84242,BC130,side2,1.48237,1.0366
Day1_BC130-10_DSC_0304_side2,38824.0,4.5891,Day56_BC130-10_DSC_0714_side2,126254.0,5.10125,BC130,side2,3.25196,1.1116
Day1_BC162-1_DSC_0360_side2,98029.0,4.99135,Day56_BC162-1_DSC_side2,0,-inf,BC162,side2,0,-inf
Day1_BC162-2_DSC_0365_side2,97583.0,4.98937,Day56_BC162-2_DSC_side2,0,-inf,BC162,side2,0,-inf
Day1_BC162-3_DSC_0370_side2,73718.0,4.86757,Day56_BC162-3_DSC_side2,0,-inf,BC162,side2,0,-inf
Day1_BC162-4_DSC_0375_side2,75028.0,4.87522,Day56_BC162-4_DSC_side2,0,-inf,BC162,side2,0,-inf
Day1_BC162-5_DSC_0380_side2,77911.0,4.8916,Day56_BC162-5_DSC_side2,0,-inf,BC162,side2,0,-inf
Day1_BC162-6_DSC_0385_side2,107558.0,5.03164,Day56_BC162-6_DSC_side2,0,-inf,BC162,side2,0,-inf
Day1_BC162-7_DSC_0390_side2,47161.0,4.67358,Day56_BC162-7_DSC_side2,0,-inf,BC162,side2,0,-inf
Day1_BC162-8_DSC_0395_side2,73519.0,4.8664,Day56_BC162-8_DSC_side2,0,-inf,BC162,side2,0,-inf
Day1_BC162-9_DSC_0400_side2,80437.0,4.90546,Day56_BC162-9_DSC_side2,0,-inf,BC162,side2,0,-inf
Day1_BC162-10_DSC_0405_side2,83645.0,4.92244,Day56_BC162-10_DSC_side2,0,-inf,BC162,side2,0,-inf
Day1_BC166-1_DSC_0004_side2,83729.0,4.92288,Day56_BC166-1_DSC_0338_side2,84969.0,4.92926,BC166,side2,1.01481,1.0013
Day1_BC166-2_DSC_0009_side2,58375.0,4.76623,Day56_BC166-2_DSC_0344_side2,55822.0,4.74681,BC166,side2,0.956266,0.995925
Day1_BC166-3_DSC_0015_side2,46421.0,4.66671,Day56_BC166-3_DSC_0349_side2,48455.0,4.68534,BC166,side2,1.04382,1.00399
Day1_BC166-4_DSC_0021_side2,92294.0,4.96517,Day56_BC166-4_DSC_side2,0,-inf,BC166,side2,0,-inf
Day1_BC166-5_DSC_0026_side2,43301.0,4.6365,Day56_BC166-5_DSC_0354_side2,33625.0,4.52666,BC166,side2,0.776541,0.976311
Day1_BC166-6_DSC_0031_side2,55697.0,4.74583,Day56_BC166-6_DSC_0359_side2,60718.0,4.78332,BC166,side2,1.09015,1.0079
Day1_BC166-7_DSC_0036_side2,84469.0,4.9267,Day56_BC166-7_DSC_0364_side2,45628.0,4.65923,BC166,side2,0.540175,0.945711
Day1_BC166-8_DSC_0041_side2,85388.0,4.9314,Day56_BC166-8_DSC_0369_side2,111516.0,5.04734,BC166,side2,1.30599,1.02351
Day1_BC166-9_DSC_0046_side2,142281.0,5.15315,Day56_BC166-9_DSC_0374_side2,236761.0,5.37431,BC166,side2,1.66404,1.04292
Day1_BC166-10_DSC_0051_side2,55698.0,4.74584,Day56_BC166-10_DSC_0379_side2,54733.0,4.73825,BC166,side2,0.982674,0.998401
Day1_BC215-1_DSC_0208_side2,40444.0,4.60685,Day56_BC215-1_DSC_0384_side2,180010.0,5.2553,BC215,side2,4.45085,1.14076
Day1_BC215-2_DSC_0213_side2,100204.0,5.00089,Day56_BC215-2_DSC_side2,0,-inf,BC215,side2,0,-inf
Day1_BC215-3_DSC_0219_side2,148320.0,5.1712,Day56_BC215-3_DSC_0389_side2,581167.0,5.7643,BC215,side2,3.91833,1.11469
Day1_BC215-4_DSC_0224_side2,164164.0,5.21528,Day56_BC215-4_DSC_0394_side2,484916.0,5.68567,BC215,side2,2.95385,1.09019
Day1_BC215-5_DSC_0229_side2,94304.0,4.97453,Day56_BC215-5_DSC_0399_side2,525929.0,5.72093,BC215,side2,5.57695,1.15004
Day1_BC215-6_DSC_0234_side2,121363.0,5.08409,Day56_BC215-6_DSC_0404_side2,406739.0,5.60932,BC215,side2,3.35143,1.10331
Day1_BC215-7_DSC_0239_side2,65672.0,4.81738,Day56_BC215-7_DSC_0409_side2,280344.0,5.44769,BC215,side2,4.26885,1.13084
Day1_BC215-8_DSC_0244_side2,82344.0,4.91563,Day56_BC215-8_DSC_0414_side2,187890.0,5.2739,BC215,side2,2.28177,1.07288
Day1_BC215-9_DSC_0249_side2,58662.0,4.76836,Day56_BC215-9_DSC_0419_side2,241474.0,5.38287,BC215,side2,4.11636,1.12887
Day1_BC215-10_DSC_0254_side2,84130.0,4.92495,Day56_BC215-10_DSC_0424_side2,252624.0,5.40247,BC215,side2,3.00278,1.09696
Day1_BC237-1_DSC_0410_side2,42800.0,4.63144,Day56_BC237-1_DSC_0719_side2,174019.0,5.2406,BC237,side2,4.06586,1.13153
Day1_BC237-2_DSC_0415_side2,78163.0,4.893,Day56_BC237-2_DSC_0724_side2,272540.0,5.43543,BC237,side2,3.48682,1.11086
Day1_BC237-3_DSC_0420_side2,90534.0,4.95681,Day56_BC237-3_DSC_0729_side2,221586.0,5.34554,BC237,side2,2.44754,1.07842
Day1_BC237-4_DSC_0425_side2,102615.0,5.01121,Day56_BC237-4_DSC_0734_side2,231002.0,5.36362,BC237,side2,2.25115,1.07032
Day1_BC237-5_DSC_0430_side2,63570.0,4.80325,Day56_BC237-5_DSC_0739_side2,133155.0,5.12436,BC237,side2,2.09462,1.06685
Day1_BC237-6_DSC_0435_side2,79601.0,4.90092,Day56_BC237-6_DSC_0744_side2,185982.0,5.26947,BC237,side2,2.33643,1.0752
Day1_BC237-7_DSC_0440_side2,51007.0,4.70763,Day56_BC237-7_DSC_side2,0,-inf,BC237,side2,0,-inf
Day1_BC237-8_DSC_0445_side2,81240.0,4.90977,Day56_BC237-8_DSC_0749_side2,75754.0,4.87941,BC237,side2,0.932472,0.993816
Day1_BC237-9_DSC_0450_side2,53547.0,4.72874,Day56_BC237-9_DSC_0754_side2,40861.0,4.61131,BC237,side2,0.763087,0.975168
Day1_BC237-10_DSC_0455_side2,62137.0,4.79335,Day56_BC237-10_DSC_0759_side2,158335.0,5.19958,BC237,side2,2.54816,1.08475
Day1_BC312-1_DSC_0158_side2,81993.0,4.91378,Day56_BC312-1_DSC_0574_side2,116501.0,5.06633,BC312,side2,1.42087,1.03105
Day1_BC312-2_DSC_0163_side2,58209.0,4.76499,Day56_BC312-2_DSC_0579_side2,85697.0,4.93297,BC312,side2,1.47223,1.03525
Day1_BC312-3_DSC_0168_side2,56636.0,4.75309,Day56_BC312-3_DSC_0584_side2,107329.0,5.03072,BC312,side2,1.89507,1.05841
Day1_BC312-4_DSC_0173_side2,174471.0,5.24172,Day56_BC312-4_DSC_0589_side2,231304.0,5.36418,BC312,side2,1.32574,1.02336
Day1_BC312-5_DSC_0178_side2,45091.0,4.65409,Day56_BC312-5_DSC_0594_side2,90872.0,4.95843,BC312,side2,2.0153,1.06539
Day1_BC312-6_DSC_0183_side2,72872.0,4.86256,Day56_BC312-6_DSC_0599_side2,127104.0,5.10416,BC312,side2,1.74421,1.04969
Day1_BC312-7_DSC_0188_side2,97075.0,4.98711,Day56_BC312-7_DSC_0604_side2,115066.0,5.06095,BC312,side2,1.18533,1.01481
Day1_BC312-8_DSC_0193_side2,36165.0,4.55829,Day56_BC312-8_DSC_0609_side2,51036.0,4.70788,BC312,side2,1.4112,1.03282
Day1_BC312-9_DSC_0198_side2,80362.0,4.90505,Day56_BC312-9_DSC_0614_side2,151540.0,5.18053,BC312,side2,1.88572,1.05616
Day1_BC312-10_DSC_0203_side2,82166.0,4.91469,Day56_BC312-10_DSC_0619_side2,137793.0,5.13923,BC312,side2,1.67701,1.04569
Day1_BC342-1_DSC_0106_side2,60676.0,4.78302,Day56_BC342-1_DSC_0479_side2,202304.0,5.306,BC342,side2,3.33417,1.10934
Day1_BC342-2_DSC_0111_side2,74042.0,4.86948,Day56_BC342-2_DSC_0484_side2,118222.0,5.0727,BC342,side2,1.59669,1.04173
Day1_BC342-3_DSC_0116_side2,65606.0,4.81694,Day56_BC342-3_DSC_0489_side2,314343.0,5.4974,BC342,side2,4.79138,1.14126
Day1_BC342-4_DSC_0121_side2,61528.0,4.78907,Day56_BC342-4_DSC_0494_side2,81372.0,4.91047,BC342,side2,1.32252,1.02535
Day1_BC342-5_DSC_0126_side2,154664.0,5.18939,Day56_BC342-5_DSC_0499_side2,407437.0,5.61006,BC342,side2,2.63434,1.08106
Day1_BC342-6_DSC_0131_side2,58315.0,4.76578,Day56_BC342-6_DSC_0504_side2,157290.0,5.1967,BC342,side2,2.69725,1.09042
Day1_BC342-7_DSC_0138_side2,98943.0,4.99539,Day56_BC342-7_DSC_0509_side2,469068.0,5.67124,BC342,side2,4.74079,1.1353
Day1_BC342-8_DSC_0143_side2,56703.0,4.75361,Day56_BC342-8_DSC_0514_side2,160908.0,5.20658,BC342,side2,2.83773,1.09529
Day1_BC342-9_DSC_0148_side2,37176.0,4.57026,Day56_BC342-9_DSC_0519_side2,88017.0,4.94457,BC342,side2,2.36758,1.0819
Day1_BC342-10_DSC_0153_side2,94462.0,4.97526,Day56_BC342-10_DSC_0524_side2,329045.0,5.51726,BC342,side2,3.48336,1.10894
Day1_BC360-1_DSC_0056_side2,53420.0,4.7277,Day56_BC360-1_DSC_0429_side2,99929.0,4.99969,BC360,side2,1.87063,1.05753
Day1_BC360-2_DSC_0061_side2,68288.0,4.83434,Day56_BC360-2_DSC_0434_side2,224803.0,5.3518,BC360,side2,3.29198,1.10704
Day1_BC360-3_DSC_0066_side2,124404.0,5.09483,Day56_BC360-3_DSC_0439_side2,165076.0,5.21768,BC360,side2,1.32693,1.02411
Day1_BC360-4_DSC_0071_side2,46871.0,4.6709,Day56_BC360-4_DSC_0444_side2,62178.0,4.79364,BC360,side2,1.32658,1.02628
Day1_BC360-5_DSC_0076_side2,73132.0,4.86411,Day56_BC360-5_DSC_0449_side2,122955.0,5.08975,BC360,side2,1.68127,1.04639
Day1_BC360-6_DSC_0081_side2,127854.0,5.10671,Day56_BC360-6_DSC_0454_side2,188544.0,5.27541,BC360,side2,1.47468,1.03303
Day1_BC360-7_DSC_0086_side2,76213.0,4.88203,Day56_BC360-7_DSC_0459_side2,138438.0,5.14126,BC360,side2,1.81646,1.0531
Day1_BC360-8_DSC_0091_side2,51187.0,4.70916,Day56_BC360-8_DSC_0464_side2,78853.0,4.89682,BC360,side2,1.54049,1.03985
Day1_BC360-9_DSC_0096_side2,36919.0,4.56725,Day56_BC360-9_DSC_0469_side2,38242.0,4.58254,BC360,side2,1.03584,1.00335
Day1_BC360-10_DSC_0101_side2,21794.0,4.33834,Day56_BC360-10_DSC_0474_side2,31895.0,4.50372,BC360,side2,1.46348,1.03812
Day1_GC2405-9-1_DSC_0460_side2,119070.0,5.0758,Day56_GC2405-9-1_DSC_0764_side2,155372.0,5.19137,GC2405-9,side2,1.30488,1.02277
Day1_GC2405-9-2_DSC_0465_side2,47659.0,4.67814,Day56_GC2405-9-2_DSC_0770_side2,77154.0,4.88736,GC2405-9,side2,1.61888,1.04472
Day1_GC2405-9-3_DSC_0470_side2,131890.0,5.12021,Day56_GC2405-9-3_DSC_0775_side2,136532.0,5.13523,GC2405-9,side2,1.0352,1.00293
Day1_GC2405-9-4_DSC_0475_side2,76417.0,4.88319,Day56_GC2405-9-4_DSC_0780_side2,106966.0,5.02925,GC2405-9,side2,1.39977,1.02991
Day1_GC2405-9-5_DSC_0480_side2,65877.0,4.81873,Day56_GC2405-9-5_DSC_0785_side2,93693.0,4.97171,GC2405-9,side2,1.42224,1.03175
Day1_GC2405-9-6_DSC_0485_side2,57586.0,4.76032,Day56_GC2405-9-6_DSC_0790_side2,197842.0,5.29632,GC2405-9,side2,3.43559,1.1126
Day1_GC2405-9-7_DSC_0490_side2,62713.0,4.79736,Day56_GC2405-9-7_DSC_0795_side2,111185.0,5.04605,GC2405-9,side2,1.77292,1.05184
Day1_GC2405-9-8_DSC_0495_side2,138775.0,5.14231,Day56_GC2405-9-8_DSC_0800_side2,319750.0,5.50481,GC2405-9,side2,2.30409,1.07049
Day1_GC2405-9-9_DSC_0500_side2,66818.0,4.82489,Day56_GC2405-9-9_DSC_0805_side2,81975.0,4.91368,GC2405-9,side2,1.22684,1.0184
Day1_GC2405-9-10_DSC_0505_side2,121786.0,5.0856,Day56_GC2405-9-10_DSC_0810_side2,568218.0,5.75451,GC2405-9,side2,4.66571,1.13153
Day1_BC099-1_DSC_0310_side3,56417.0,4.75141,Day56_BC099-1_DSC_0530_side3,150857.0,5.17857,BC099,side3,2.67396,1.0899
Day1_BC099-2_DSC_0315_side3,70100.0,4.84572,Day56_BC099-2_DSC_0535_side3,72347.0,4.85942,BC099,side3,1.03205,1.00283
Day1_BC099-3_DSC_0320_side3,74226.0,4.87056,Day56_BC099-3_DSC_0540_side3,166121.0,5.22042,BC099,side3,2.23804,1.07183
Day1_BC099-4_DSC_0325_side3,75019.0,4.87517,Day56_BC099-4_DSC_0545_side3,223248.0,5.34879,BC099,side3,2.97589,1.09715
Day1_BC099-5_DSC_0330_side3,159018.0,5.20145,Day56_BC099-5_DSC_side3,0,-inf,BC099,side3,0,-inf
Day1_BC099-6_DSC_0335_side3,61528.0,4.78907,Day56_BC099-6_DSC_0550_side3,364391.0,5.56157,BC099,side3,5.92236,1.1613
Day1_BC099-7_DSC_0340_side3,80075.0,4.9035,Day56_BC099-7_DSC_0555_side3,194701.0,5.28937,BC099,side3,2.43148,1.07869
Day1_BC099-8_DSC_0345_side3,107680.0,5.03214,Day56_BC099-8_DSC_0560_side3,204645.0,5.311,BC099,side3,1.90049,1.05542
Day1_BC099-9_DSC_0351_side3,179624.0,5.25436,Day56_BC099-9_DSC_0565_side3,323374.0,5.50971,BC099,side3,1.80028,1.0486
Day1_BC099-10_DSC_0356_side3,109788.0,5.04055,Day56_BC099-10_DSC_0570_side3,269661.0,5.43082,BC099,side3,2.4562,1.07742
Day1_BC130-1_DSC_0260_side3,65306.0,4.81495,Day56_BC130-1_DSC_0675_side3,115410.0,5.06224,BC130,side3,1.76722,1.05136
Day1_BC130-2_DSC_0265_side3,96144.0,4.98292,Day56_BC130-2_DSC_0680_side3,223210.0,5.34871,BC130,side3,2.32162,1.07341
Day1_BC130-3_DSC_0270_side3,64182.0,4.80741,Day56_BC130-3_DSC_0685_side3,122637.0,5.08862,BC130,side3,1.91077,1.05849
Day1_BC130-4_DSC_0275_side3,63295.0,4.80137,Day56_BC130-4_DSC_0690_side3,252510.0,5.40228,BC130,side3,3.98941,1.12515
Day1_BC130-5_DSC_0280_side3,130872.0,5.11685,Day56_BC130-5_DSC_0695_side3,217677.0,5.33781,BC130,side3,1.66328,1.04318
Day1_BC130-6_DSC_0285_side3,69705.0,4.84326,Day56_BC130-6_DSC_side3,0,-inf,BC130,side3,0,-inf
Day1_BC130-7_DSC_0290_side3,41570.0,4.61878,Day56_BC130-7_DSC_0700_side3,87843.0,4.94371,BC130,side3,2.11313,1.07035
Day1_BC130-8_DSC_0295_side3,53783.0,4.73065,Day56_BC130-8_DSC_0705_side3,70213.0,4.84642,BC130,side3,1.30549,1.02447
Day1_BC130-9_DSC_0300_side3,43409.0,4.63758,Day56_BC130-9_DSC_0710_side3,97333.0,4.98826,BC130,side3,2.24223,1.07562
Day1_BC130-10_DSC_0305_side3,35299.0,4.54776,Day56_BC130-10_DSC_0715_side3,121606.0,5.08496,BC130,side3,3.44503,1.11812
Day1_BC162-1_DSC_0361_side3,113065.0,5.05333,Day56_BC162-1_DSC_side3,0,-inf,BC162,side3,0,-inf
Day1_BC162-2_DSC_0366_side3,122209.0,5.0871,Day56_BC162-2_DSC_side3,0,-inf,BC162,side3,0,-inf
Day1_BC162-3_DSC_0371_side3,72430.0,4.85992,Day56_BC162-3_DSC_side3,0,-inf,BC162,side3,0,-inf
Day1_BC162-4_DSC_0376_side3,83208.0,4.92017,Day56_BC162-4_DSC_side3,0,-inf,BC162,side3,0,-inf
Day1_BC162-5_DSC_0381_side3,82759.0,4.91782,Day56_BC162-5_DSC_side3,0,-inf,BC162,side3,0,-inf
Day1_BC162-6_DSC_0386_side3,108745.0,5.03641,Day56_BC162-6_DSC_side3,0,-inf,BC162,side3,0,-inf
Day1_BC162-7_DSC_0391_side3,49020.0,4.69037,Day56_BC162-7_DSC_side3,0,-inf,BC162,side3,0,-inf
Day1_BC162-8_DSC_0396_side3,73009.0,4.86338,Day56_BC162-8_DSC_side3,0,-inf,BC162,side3,0,-inf
Day1_BC162-9_DSC_0401_side3,68376.0,4.8349,Day56_BC162-9_DSC_side3,0,-inf,BC162,side3,0,-inf
Day1_BC162-10_DSC_0406_side3,80025.0,4.90323,Day56_BC162-10_DSC_side3,0,-inf,BC162,side3,0,-inf
Day1_BC166-1_DSC_0005_side3,77435.0,4.88894,Day56_BC166-1_DSC_0339_side3,86862.0,4.93883,BC166,side3,1.12174,1.01021
Day1_BC166-2_DSC_0010_side3,65401.0,4.81558,Day56_BC166-2_DSC_0345_side3,60015.0,4.77826,BC166,side3,0.917647,0.992249
Day1_BC166-3_DSC_0016_side3,50536.0,4.7036,Day56_BC166-3_DSC_0350_side3,45912.0,4.66193,BC166,side3,0.908501,0.99114
Day1_BC166-4_DSC_0022_side3,92254.0,4.96499,Day56_BC166-4_DSC_side3,0,-inf,BC166,side3,0,-inf
Day1_BC166-5_DSC_0027_side3,49024.0,4.69041,Day56_BC166-5_DSC_0355_side3,38510.0,4.58557,BC166,side3,0.785534,0.977649
Day1_BC166-6_DSC_0032_side3,66801.0,4.82478,Day56_BC166-6_DSC_0360_side3,56218.0,4.74988,BC166,side3,0.841574,0.984474
Day1_BC166-7_DSC_0037_side3,83383.0,4.92108,Day56_BC166-7_DSC_0365_side3,39846.0,4.60038,BC166,side3,0.477867,0.934833
Day1_BC166-8_DSC_0042_side3,74574.0,4.87259,Day56_BC166-8_DSC_0370_side3,124410.0,5.09486,BC166,side3,1.66828,1.04562
Day1_BC166-9_DSC_0047_side3,127740.0,5.10633,Day56_BC166-9_DSC_0375_side3,228566.0,5.35901,BC166,side3,1.78931,1.04948
Day1_BC166-10_DSC_0052_side3,64765.0,4.81134,Day56_BC166-10_DSC_0380_side3,62038.0,4.79266,BC166,side3,0.957894,0.996117
Day1_BC215-1_DSC_0209_side3,38549.0,4.58601,Day56_BC215-1_DSC_0385_side3,160668.0,5.20593,BC215,side3,4.16789,1.13518
Day1_BC215-2_DSC_0214_side3,98237.0,4.99228,Day56_BC215-2_DSC_side3,0,-inf,BC215,side3,0,-inf
Day1_BC215-3_DSC_0220_side3,148695.0,5.1723,Day56_BC215-3_DSC_0390_side3,658452.0,5.81852,BC215,side3,4.42821,1.12494
Day1_BC215-4_DSC_0225_side3,164977.0,5.21742,Day56_BC215-4_DSC_0395_side3,544915.0,5.73633,BC215,side3,3.30298,1.09946
Day1_BC215-5_DSC_0230_side3,98851.0,4.99498,Day56_BC215-5_DSC_0400_side3,499988.0,5.69896,BC215,side3,5.058,1.14094
Day1_BC215-6_DSC_0235_side3,110442.0,5.04313,Day56_BC215-6_DSC_0405_side3,408827.0,5.61154,BC215,side3,3.70173,1.11271
Day1_BC215-7_DSC_0240_side3,63339.0,4.80167,Day56_BC215-7_DSC_0410_side3,308594.0,5.48939,BC215,side3,4.8721,1.14322
Day1_BC215-8_DSC_0245_side3,69056.0,4.8392,Day56_BC215-8_DSC_0415_side3,150065.0,5.17628,BC215,side3,2.17309,1.06966
Day1_BC215-9_DSC_0250_side3,59240.0,4.77262,Day56_BC215-9_DSC_0420_side3,246059.0,5.39104,BC215,side3,4.1536,1.12958
Day1_BC215-10_DSC_0255_side3,87602.0,4.94251,Day56_BC215-10_DSC_0425_side3,248636.0,5.39556,BC215,side3,2.83825,1.09166
Day1_BC237-1_DSC_0411_side3,42031.0,4.62357,Day56_BC237-1_DSC_0720_side3,130120.0,5.11434,BC237,side3,3.09581,1.10615
Day1_BC237-2_DSC_0416_side3,88088.0,4.94492,Day56_BC237-2_DSC_0725_side3,339592.0,5.53096,BC237,side3,3.85514,1.11851
Day1_BC237-3_DSC_0421_side3,106454.0,5.02716,Day56_BC237-3_DSC_0730_side3,206297.0,5.31449,BC237,side3,1.9379,1.05716
Day1_BC237-4_DSC_0426_side3,106112.0,5.02576,Day56_BC237-4_DSC_0735_side3,210803.0,5.32388,BC237,side3,1.98661,1.05932
Day1_BC237-5_DSC_0431_side3,65371.0,4.81539,Day56_BC237-5_DSC_0740_side3,165644.0,5.21918,BC237,side3,2.53391,1.08385
Day1_BC237-6_DSC_0436_side3,84114.0,4.92487,Day56_BC237-6_DSC_0745_side3,200614.0,5.30236,BC237,side3,2.38503,1.07665
Day1_BC237-7_DSC_0441_side3,51354.0,4.71057,Day56_BC237-7_DSC_side3,0,-inf,BC237,side3,0,-inf
Day1_BC237-8_DSC_0446_side3,86811.0,4.93857,Day56_BC237-8_DSC_0750_side3,93591.0,4.97123,BC237,side3,1.0781,1.00661
Day1_BC237-9_DSC_0451_side3,59159.0,4.77202,Day56_BC237-9_DSC_0755_side3,42488.0,4.62827,BC237,side3,0.7182,0.969876
Day1_BC237-10_DSC_0456_side3,70333.0,4.84716,Day56_BC237-10_DSC_0760_side3,192552.0,5.28455,BC237,side3,2.73772,1.09024
Day1_BC312-1_DSC_0159_side3,86196.0,4.93549,Day56_BC312-1_DSC_0575_side3,120741.0,5.08185,BC312,side3,1.40077,1.02966
Day1_BC312-2_DSC_0164_side3,62158.0,4.7935,Day56_BC312-2_DSC_0580_side3,99581.0,4.99818,BC312,side3,1.60206,1.0427
Day1_BC312-3_DSC_0169_side3,67510.0,4.82937,Day56_BC312-3_DSC_0585_side3,124367.0,5.09471,BC312,side3,1.8422,1.05494
Day1_BC312-4_DSC_0174_side3,177055.0,5.24811,Day56_BC312-4_DSC_0590_side3,248326.0,5.39502,BC312,side3,1.40254,1.02799
Day1_BC312-5_DSC_0179_side3,62346.0,4.79481,Day56_BC312-5_DSC_0595_side3,115120.0,5.06115,BC312,side3,1.84647,1.05555
Day1_BC312-6_DSC_0842_side3,65701.0,4.81757,Day56_BC312-6_DSC_0600_side3,134365.0,5.12829,BC312,side3,2.0451,1.0645
Day1_BC312-7_DSC_0189_side3,93694.0,4.97171,Day56_BC312-7_DSC_0605_side3,126862.0,5.10333,BC312,side3,1.354,1.02647
Day1_BC312-8_DSC_0194_side3,43754.0,4.64102,Day56_BC312-8_DSC_0610_side3,58966.0,4.7706,BC312,side3,1.34767,1.02792
Day1_BC312-9_DSC_0199_side3,96312.0,4.98368,Day56_BC312-9_DSC_0615_side3,171561.0,5.23442,BC312,side3,1.7813,1.05031
Day1_BC312-10_DSC_0204_side3,96137.0,4.98289,Day56_BC312-10_DSC_0620_side3,135234.0,5.13109,BC312,side3,1.40668,1.02974
Day1_BC342-1_DSC_0107_side3,63291.0,4.80134,Day56_BC342-1_DSC_0480_side3,191579.0,5.28235,BC342,side3,3.02695,1.10018
Day1_BC342-2_DSC_0112_side3,70829.0,4.85021,Day56_BC342-2_DSC_0485_side3,146351.0,5.1654,BC342,side3,2.06626,1.06498
Day1_BC342-3_DSC_0117_side3,60231.0,4.77982,Day56_BC342-3_DSC_0490_side3,314845.0,5.4981,BC342,side3,5.22729,1.15027
Day1_BC342-4_DSC_0122_side3,69324.0,4.84088,Day56_BC342-4_DSC_0495_side3,108219.0,5.0343,BC342,side3,1.56106,1.03996
Day1_BC342-5_DSC_0127_side3,142372.0,5.15342,Day56_BC342-5_DSC_0500_side3,356482.0,5.55204,BC342,side3,2.50388,1.07735
Day1_BC342-6_DSC_0133_side3,52718.0,4.72196,Day56_BC342-6_DSC_0505_side3,178053.0,5.25055,BC342,side3,3.37746,1.11194
Day1_BC342-7_DSC_0139_side3,90799.0,4.95808,Day56_BC342-7_DSC_0510_side3,516770.0,5.7133,BC342,side3,5.69136,1.15232
Day1_BC342-8_DSC_0144_side3,65974.0,4.81937,Day56_BC342-8_DSC_0515_side3,170171.0,5.23089,BC342,side3,2.57936,1.08539
Day1_BC342-9_DSC_0149_side3,36509.0,4.5624,Day56_BC342-9_DSC_0520_side3,87900.0,4.94399,BC342,side3,2.40763,1.08364
Day1_BC342-10_DSC_0154_side3,96716.0,4.9855,Day56_BC342-10_DSC_0525_side3,373342.0,5.57211,BC342,side3,3.86019,1.11766
Day1_BC360-1_DSC_0057_side3,49514.0,4.69473,Day56_BC360-1_DSC_0430_side3,76645.0,4.88448,BC360,side3,1.54795,1.04042
Day1_BC360-2_DSC_0062_side3,65908.0,4.81894,Day56_BC360-2_DSC_0435_side3,227593.0,5.35716,BC360,side3,3.45319,1.11169
Day1_BC360-3_DSC_0067_side3,139867.0,5.14572,Day56_BC360-3_DSC_0440_side3,180152.0,5.25564,BC360,side3,1.28802,1.02136
Day1_BC360-4_DSC_0072_side3,47769.0,4.67915,Day56_BC360-4_DSC_0445_side3,62223.0,4.79395,BC360,side3,1.30258,1.02454
Day1_BC360-5_DSC_0077_side3,69926.0,4.84464,Day56_BC360-5_DSC_0450_side3,109144.0,5.038,BC360,side3,1.56085,1.03991
Day1_BC360-6_DSC_0082_side3,125596.0,5.09898,Day56_BC360-6_DSC_0455_side3,206666.0,5.31527,BC360,side3,1.64548,1.04242
Day1_BC360-7_DSC_0087_side3,85711.0,4.93304,Day56_BC360-7_DSC_0460_side3,158103.0,5.19894,BC360,side3,1.84461,1.0539
Day1_BC360-8_DSC_0092_side3,55358.0,4.74318,Day56_BC360-8_DSC_0465_side3,83258.0,4.92043,BC360,side3,1.50399,1.03737
Day1_BC360-9_DSC_0097_side3,39898.0,4.60095,Day56_BC360-9_DSC_0470_side3,41492.0,4.61796,BC360,side3,1.03995,1.0037
Day1_BC360-10_DSC_0102_side3,30013.0,4.47731,Day56_BC360-10_DSC_0475_side3,35877.0,4.55482,BC360,side3,1.19538,1.01731
Day1_GC2405-9-1_DSC_0461_side3,113787.0,5.05609,Day56_GC2405-9-1_DSC_0765_side3,161363.0,5.2078,GC2405-9,side3,1.41811,1.03001
Day1_GC2405-9-2_DSC_0466_side3,52651.0,4.72141,Day56_GC2405-9-2_DSC_0771_side3,78840.0,4.89675,GC2405-9,side3,1.49741,1.03714
Day1_GC2405-9-3_DSC_0471_side3,108794.0,5.0366,Day56_GC2405-9-3_DSC_0776_side3,105694.0,5.02405,GC2405-9,side3,0.971506,0.997507
Day1_GC2405-9-4_DSC_0476_side3,75419.0,4.87748,Day56_GC2405-9-4_DSC_0781_side3,102635.0,5.0113,GC2405-9,side3,1.36086,1.02744
Day1_GC2405-9-5_DSC_0481_side3,56353.0,4.75092,Day56_GC2405-9-5_DSC_0786_side3,76716.0,4.88489,GC2405-9,side3,1.36135,1.0282
Day1_GC2405-9-6_DSC_0486_side3,64015.0,4.80628,Day56_GC2405-9-6_DSC_0791_side3,190025.0,5.27881,GC2405-9,side3,2.96844,1.09831
Day1_GC2405-9-7_DSC_0491_side3,57402.0,4.75893,Day56_GC2405-9-7_DSC_0796_side3,102586.0,5.01109,GC2405-9,side3,1.78715,1.05299
Day1_GC2405-9-8_DSC_0496_side3,148831.0,5.17269,Day56_GC2405-9-8_DSC_0801_side3,365732.0,5.56316,GC2405-9,side3,2.45736,1.07549
Day1_GC2405-9-9_DSC_0501_side3,87240.0,4.94072,Day56_GC2405-9-9_DSC_0806_side3,102721.0,5.01166,GC2405-9,side3,1.17745,1.01436
Day1_GC2405-9-10_DSC_0506_side3,119920.0,5.07889,Day56_GC2405-9-10_DSC_0811_side3,610840.0,5.78593,GC2405-9,side3,5.09373,1.13921
Day1_BC099-1_DSC_0311_side4,58852.0,4.76976,Day56_BC099-1_DSC_0531_side4,152921.0,5.18447,BC099,side4,2.5984,1.08694
Day1_BC099-2_DSC_0316_side4,85422.0,4.93157,Day56_BC099-2_DSC_0536_side4,87516.0,4.94209,BC099,side4,1.02451,1.00213
Day1_BC099-3_DSC_0321_side4,96091.0,4.98268,Day56_BC099-3_DSC_0541_side4,206480.0,5.31488,BC099,side4,2.1488,1.06667
Day1_BC099-4_DSC_0326_side4,75635.0,4.87872,Day56_BC099-4_DSC_0546_side4,254149.0,5.40509,BC099,side4,3.3602,1.10789
Day1_BC099-5_DSC_0331_side4,144512.0,5.1599,Day56_BC099-5_DSC_side4,0,-inf,BC099,side4,0,-inf
Day1_BC099-6_DSC_0336_side4,65790.0,4.81816,Day56_BC099-6_DSC_0551_side4,356580.0,5.55216,BC099,side4,5.41997,1.15234
Day1_BC099-7_DSC_0341_side4,91354.0,4.96073,Day56_BC099-7_DSC_0556_side4,204643.0,5.311,BC099,side4,2.24011,1.07061
Day1_BC099-8_DSC_0346_side4,142395.0,5.15349,Day56_BC099-8_DSC_0561_side4,244142.0,5.38764,BC099,side4,1.71454,1.04543
Day1_BC099-9_DSC_0352_side4,200243.0,5.30156,Day56_BC099-9_DSC_0566_side4,305038.0,5.48435,BC099,side4,1.52334,1.03448
Day1_BC099-10_DSC_0357_side4,144306.0,5.15928,Day56_BC099-10_DSC_0571_side4,336012.0,5.52635,BC099,side4,2.32847,1.07115
Day1_BC130-1_DSC_0261_side4,82244.0,4.9151,Day56_BC130-1_DSC_0676_side4,140745.0,5.14843,BC130,side4,1.71131,1.04747
Day1_BC130-2_DSC_0266_side4,99814.0,4.99919,Day56_BC130-2_DSC_0681_side4,248650.0,5.39559,BC130,side4,2.49113,1.07929
Day1_BC130-3_DSC_0271_side4,77162.0,4.8874,Day56_BC130-3_DSC_0686_side4,123372.0,5.09122,BC130,side4,1.59887,1.0417
Day1_BC130-4_DSC_0276_side4,72502.0,4.86035,Day56_BC130-4_DSC_0691_side4,248860.0,5.39596,BC130,side4,3.43246,1.1102
Day1_BC130-5_DSC_0281_side4,137534.0,5.13841,Day56_BC130-5_DSC_0696_side4,226674.0,5.3554,BC130,side4,1.64813,1.04223
Day1_BC130-6_DSC_0286_side4,74804.0,4.87392,Day56_BC130-6_DSC_side4,0,-inf,BC130,side4,0,-inf
Day1_BC130-7_DSC_0291_side4,56794.0,4.7543,Day56_BC130-7_DSC_0701_side4,107606.0,5.03184,BC130,side4,1.89467,1.05838
Day1_BC130-8_DSC_0296_side4,63446.0,4.8024,Day56_BC130-8_DSC_0706_side4,77077.0,4.88692,BC130,side4,1.21484,1.0176
Day1_BC130-9_DSC_0301_side4,60667.0,4.78295,Day56_BC130-9_DSC_0711_side4,107764.0,5.03247,BC130,side4,1.77632,1.05217
Day1_BC130-10_DSC_0306_side4,51386.0,4.71084,Day56_BC130-10_DSC_0716_side4,155707.0,5.19231,BC130,side4,3.03014,1.1022
Day1_BC162-1_DSC_0362_side4,107489.0,5.03136,Day56_BC162-1_DSC_side4,0,-inf,BC162,side4,0,-inf
Day1_BC162-2_DSC_0367_side4,117118.0,5.06862,Day56_BC162-2_DSC_side4,0,-inf,BC162,side4,0,-inf
Day1_BC162-3_DSC_0372_side4,85835.0,4.93366,Day56_BC162-3_DSC_side4,0,-inf,BC162,side4,0,-inf
Day1_BC162-4_DSC_0377_side4,86463.0,4.93683,Day56_BC162-4_DSC_side4,0,-inf,BC162,side4,0,-inf
Day1_BC162-5_DSC_0382_side4,84379.0,4.92623,Day56_BC162-5_DSC_side4,0,-inf,BC162,side4,0,-inf
Day1_BC162-6_DSC_0387_side4,123678.0,5.09229,Day56_BC162-6_DSC_side4,0,-inf,BC162,side4,0,-inf
Day1_BC162-7_DSC_0392_side4,53403.0,4.72757,Day56_BC162-7_DSC_side4,0,-inf,BC162,side4,0,-inf
Day1_BC162-8_DSC_0397_side4,80044.0,4.90333,Day56_BC162-8_DSC_side4,0,-inf,BC162,side4,0,-inf
Day1_BC162-9_DSC_0402_side4,80397.0,4.90524,Day56_BC162-9_DSC_side4,0,-inf,BC162,side4,0,-inf
Day1_BC162-10_DSC_0407_side4,95367.0,4.9794,Day56_BC162-10_DSC_side4,0,-inf,BC162,side4,0,-inf
Day1_BC166-1_DSC_0006_side4,92619.0,4.9667,Day56_BC166-1_DSC_0340_side4,85712.0,4.93304,BC166,side4,0.925426,0.993223
Day1_BC166-2_DSC_0011_side4,70134.0,4.84593,Day56_BC166-2_DSC_0346_side4,62637.0,4.79683,BC166,side4,0.893105,0.989868
Day1_BC166-3_DSC_0017_side4,55347.0,4.74309,Day56_BC166-3_DSC_0351_side4,48029.0,4.6815,BC166,side4,0.86778,0.987015
Day1_BC166-4_DSC_0023_side4,104555.0,5.01934,Day56_BC166-4_DSC_side4,0,-inf,BC166,side4,0,-inf
Day1_BC166-5_DSC_0028_side4,47533.0,4.677,Day56_BC166-5_DSC_0356_side4,38625.0,4.58687,BC166,side4,0.812593,0.98073
Day1_BC166-6_DSC_0033_side4,67317.0,4.82812,Day56_BC166-6_DSC_0361_side4,46012.0,4.66287,BC166,side4,0.683512,0.965773
Day1_BC166-7_DSC_0038_side4,98089.0,4.99162,Day56_BC166-7_DSC_0366_side4,49102.0,4.6911,BC166,side4,0.500586,0.939795
Day1_BC166-8_DSC_0043_side4,94918.0,4.97735,Day56_BC166-8_DSC_0371_side4,112736.0,5.05206,BC166,side4,1.18772,1.01501
Day1_BC166-9_DSC_0048_side4,157505.0,5.19729,Day56_BC166-9_DSC_0376_side4,252199.0,5.40174,BC166,side4,1.60121,1.03934
Day1_BC166-10_DSC_0053_side4,75582.0,4.87842,Day56_BC166-10_DSC_0381_side4,61260.0,4.78718,BC166,side4,0.81051,0.981297
Day1_BC215-1_DSC_0210_side4,45993.0,4.66269,Day56_BC215-1_DSC_0386_side4,196580.0,5.29354,BC215,side4,4.27413,1.1353
Day1_BC215-2_DSC_0215_side4,109191.0,5.03819,Day56_BC215-2_DSC_side4,0,-inf,BC215,side4,0,-inf
Day1_BC215-3_DSC_0221_side4,164570.0,5.21635,Day56_BC215-3_DSC_0391_side4,590631.0,5.77132,BC215,side4,3.58893,1.10639
Day1_BC215-4_DSC_0226_side4,191763.0,5.28276,Day56_BC215-4_DSC_0396_side4,550878.0,5.74106,BC215,side4,2.8727,1.08675
Day1_BC215-5_DSC_0231_side4,106244.0,5.0263,Day56_BC215-5_DSC_0401_side4,543208.0,5.73497,BC215,side4,5.11283,1.14099
Day1_BC215-6_DSC_0236_side4,127028.0,5.1039,Day56_BC215-6_DSC_0406_side4,433098.0,5.63659,BC215,side4,3.40947,1.10437
Day1_BC215-7_DSC_0241_side4,76502.0,4.88367,Day56_BC215-7_DSC_0411_side4,320446.0,5.50575,BC215,side4,4.18873,1.12738
Day1_BC215-8_DSC_0246_side4,96840.0,4.98605,Day56_BC215-8_DSC_0416_side4,221176.0,5.34474,BC215,side4,2.28393,1.07194
Day1_BC215-9_DSC_0251_side4,66886.0,4.82534,Day56_BC215-9_DSC_0421_side4,301149.0,5.47878,BC215,side4,4.50242,1.13542
Day1_BC215-10_DSC_0256_side4,98170.0,4.99198,Day56_BC215-10_DSC_0426_side4,270642.0,5.4324,BC215,side4,2.75687,1.08822
Day1_BC237-1_DSC_0412_side4,47516.0,4.67684,Day56_BC237-1_DSC_0721_side4,195463.0,5.29106,BC237,side4,4.11362,1.13133
Day1_BC237-2_DSC_0417_side4,99211.0,4.99656,Day56_BC237-2_DSC_0726_side4,347628.0,5.54111,BC237,side4,3.50393,1.10899
Day1_BC237-3_DSC_0422_side4,121618.0,5.085,Day56_BC237-3_DSC_0731_side4,218325.0,5.3391,BC237,side4,1.79517,1.04997
Day1_BC237-4_DSC_0427_side4,116815.0,5.0675,Day56_BC237-4_DSC_0736_side4,270847.0,5.43272,BC237,side4,2.3186,1.07207
Day1_BC237-5_DSC_0432_side4,75498.0,4.87794,Day56_BC237-5_DSC_0741_side4,178686.0,5.25209,BC237,side4,2.36676,1.0767
Day1_BC237-6_DSC_0437_side4,81399.0,4.91062,Day56_BC237-6_DSC_0746_side4,217486.0,5.33743,BC237,side4,2.67185,1.08692
Day1_BC237-7_DSC_0442_side4,49219.0,4.69213,Day56_BC237-7_DSC_side4,0,-inf,BC237,side4,0,-inf
Day1_BC237-8_DSC_0447_side4,107849.0,5.03282,Day56_BC237-8_DSC_0751_side4,101649.0,5.0071,BC237,side4,0.942512,0.994891
Day1_BC237-9_DSC_0452_side4,69267.0,4.84053,Day56_BC237-9_DSC_0756_side4,47053.0,4.67259,BC237,side4,0.679299,0.965306
Day1_BC237-10_DSC_0457_side4,87472.0,4.94187,Day56_BC237-10_DSC_0761_side4,241037.0,5.38208,BC237,side4,2.75559,1.08908
Day1_BC312-1_DSC_0160_side4,92417.0,4.96575,Day56_BC312-1_DSC_0576_side4,131230.0,5.11803,BC312,side4,1.41998,1.03067
Day1_BC312-2_DSC_0165_side4,68021.0,4.83264,Day56_BC312-2_DSC_0581_side4,92222.0,4.96483,BC312,side4,1.35579,1.02735
Day1_BC312-3_DSC_0170_side4,62335.0,4.79473,Day56_BC312-3_DSC_0586_side4,105618.0,5.02374,BC312,side4,1.69436,1.04776
Day1_BC312-4_DSC_0175_side4,201282.0,5.3038,Day56_BC312-4_DSC_0591_side4,250513.0,5.39883,BC312,side4,1.24459,1.01792
Day1_BC312-5_DSC_0180_side4,56963.0,4.75559,Day56_BC312-5_DSC_0596_side4,107422.0,5.03109,BC312,side4,1.88582,1.05793
Day1_BC312-6_DSC_0185_side4,84861.0,4.92871,Day56_BC312-6_DSC_0601_side4,147000.0,5.16732,BC312,side4,1.73224,1.04841
Day1_BC312-7_DSC_0190_side4,112421.0,5.05085,Day56_BC312-7_DSC_0606_side4,140335.0,5.14717,BC312,side4,1.2483,1.01907
Day1_BC312-8_DSC_0195_side4,45318.0,4.65627,Day56_BC312-8_DSC_0611_side4,59728.0,4.77618,BC312,side4,1.31798,1.02575
Day1_BC312-9_DSC_0200_side4,95896.0,4.9818,Day56_BC312-9_DSC_0616_side4,157404.0,5.19702,BC312,side4,1.6414,1.0432
Day1_BC312-10_DSC_0205_side4,96963.0,4.98661,Day56_BC312-10_DSC_0621_side4,137060.0,5.13691,BC312,side4,1.41353,1.03014
Day1_BC342-1_DSC_0108_side4,71558.0,4.85466,Day56_BC342-1_DSC_0481_side4,229354.0,5.36051,BC342,side4,3.20515,1.1042
Day1_BC342-2_DSC_0113_side4,84728.0,4.92803,Day56_BC342-2_DSC_0486_side4,151049.0,5.17912,BC342,side4,1.78275,1.05095
Day1_BC342-3_DSC_0118_side4,76244.0,4.88221,Day56_BC342-3_DSC_0491_side4,310468.0,5.49202,BC342,side4,4.07203,1.1249
Day1_BC342-4_DSC_0123_side4,60135.0,4.77913,Day56_BC342-4_DSC_0496_side4,99219.0,4.99659,BC342,side4,1.64994,1.0455
Day1_BC342-5_DSC_0128_side4,173052.0,5.23818,Day56_BC342-5_DSC_0501_side4,441140.0,5.64458,BC342,side4,2.54918,1.07758
Day1_BC342-6_DSC_0135_side4,68136.0,4.83338,Day56_BC342-6_DSC_0506_side4,163450.0,5.21338,BC342,side4,2.39888,1.07862
Day1_BC342-7_DSC_0140_side4,96840.0,4.98605,Day56_BC342-7_DSC_0511_side4,523960.0,5.7193,BC342,side4,5.41057,1.14706
Day1_BC342-8_DSC_0145_side4,71113.0,4.85195,Day56_BC342-8_DSC_0516_side4,168119.0,5.22562,BC342,side4,2.36411,1.07701
Day1_BC342-9_DSC_0150_side4,42572.0,4.62912,Day56_BC342-9_DSC_0521_side4,100748.0,5.00324,BC342,side4,2.36653,1.08082
Day1_BC342-10_DSC_0155_side4,103079.0,5.01317,Day56_BC342-10_DSC_0526_side4,363239.0,5.56019,BC342,side4,3.52389,1.10912
Day1_BC360-1_DSC_0058_side4,61729.0,4.79049,Day56_BC360-1_DSC_0431_side4,110057.0,5.04162,BC360,side4,1.78291,1.05242
Day1_BC360-2_DSC_0063_side4,75204.0,4.87624,Day56_BC360-2_DSC_0436_side4,243601.0,5.38668,BC360,side4,3.2392,1.10468
Day1_BC360-3_DSC_0068_side4,157307.0,5.19675,Day56_BC360-3_DSC_0441_side4,216013.0,5.33448,BC360,side4,1.37319,1.0265
Day1_BC360-4_DSC_0073_side4,56241.0,4.75005,Day56_BC360-4_DSC_0446_side4,71541.0,4.85456,BC360,side4,1.27204,1.022
Day1_BC360-5_DSC_0078_side4,83617.0,4.92229,Day56_BC360-5_DSC_0451_side4,131282.0,5.11821,BC360,side4,1.57004,1.0398
Day1_BC360-6_DSC_0083_side4,147897.0,5.16996,Day56_BC360-6_DSC_0456_side4,218461.0,5.33937,BC360,side4,1.47712,1.03277
Day1_BC360-7_DSC_0088_side4,92047.0,4.96401,Day56_BC360-7_DSC_0461_side4,160616.0,5.20579,BC360,side4,1.74493,1.04871
Day1_BC360-8_DSC_0093_side4,62552.0,4.79624,Day56_BC360-8_DSC_0466_side4,89772.0,4.95314,BC360,side4,1.43516,1.03271
Day1_BC360-9_DSC_0098_side4,46636.0,4.66872,Day56_BC360-9_DSC_0471_side4,49809.0,4.69731,BC360,side4,1.06804,1.00612
Day1_BC360-10_DSC_0103_side4,30862.0,4.48942,Day56_BC360-10_DSC_0476_side4,39258.0,4.59393,BC360,side4,1.27205,1.02328
Day1_GC2405-9-1_DSC_0462_side4,135956.0,5.1334,Day56_GC2405-9-1_DSC_0767_side4,194564.0,5.28906,GC2405-9,side4,1.43108,1.03032
Day1_GC2405-9-2_DSC_0467_side4,57061.0,4.75634,Day56_GC2405-9-2_DSC_0772_side4,93217.0,4.9695,GC2405-9,side4,1.63364,1.04482
Day1_GC2405-9-3_DSC_0472_side4,146317.0,5.16529,Day56_GC2405-9-3_DSC_0777_side4,143198.0,5.15594,GC2405-9,side4,0.978683,0.998188
Day1_GC2405-9-4_DSC_0477_side4,84711.0,4.92794,Day56_GC2405-9-4_DSC_0782_side4,121945.0,5.08616,GC2405-9,side4,1.43954,1.03211
Day1_GC2405-9-5_DSC_0482_side4,71941.0,4.85698,Day56_GC2405-9-5_DSC_0787_side4,104026.0,5.01714,GC2405-9,side4,1.44599,1.03298
Day1_GC2405-9-6_DSC_0487_side4,64237.0,4.80779,Day56_GC2405-9-6_DSC_0792_side4,219213.0,5.34087,GC2405-9,side4,3.41257,1.11088
Day1_GC2405-9-7_DSC_0492_side4,56443.0,4.75161,Day56_GC2405-9-7_DSC_0797_side4,120889.0,5.08239,GC2405-9,side4,2.14179,1.06961
Day1_GC2405-9-8_DSC_0497_side4,159829.0,5.20366,Day56_GC2405-9-8_DSC_0802_side4,347771.0,5.54129,GC2405-9,side4,2.17589,1.06488
Day1_GC2405-9-9_DSC_0502_side4,90367.0,4.95601,Day56_GC2405-9-9_DSC_0807_side4,110304.0,5.04259,GC2405-9,side4,1.22062,1.01747
Day1_GC2405-9-10_DSC_0507_side4,140132.0,5.14654,Day56_GC2405-9-10_DSC_0812_side4,621259.0,5.79327,GC2405-9,side4,4.43338,1.12566
