BC099_1,BC099,2.29709,2.65015,2.67396,2.5984,1.07576,1.0889,1.0899,1.08694,2.5549,1.08538
BC099_2,BC099,0.978206,1.04015,1.03205,1.02451,0.998023,1.00351,1.00283,1.00213,1.01873,1.00162
BC099_3,BC099,2.36208,2.17752,2.23804,2.1488,1.07683,1.06896,1.07183,1.06667,2.23161,1.07107
BC099_4,BC099,2.68661,3.279,2.97589,3.3602,1.08785,1.10678,1.09715,1.10789,3.07542,1.09992
BC099_5,BC099,0,0,0,0,-inf,-inf,-inf,-inf,0,-inf
BC099_6,BC099,6.14533,6.22046,5.92236,5.41997,1.16398,1.16701,1.1613,1.15234,5.92703,1.16116
BC099_7,BC099,2.15497,2.26163,2.43148,2.24011,1.06734,1.07199,1.07869,1.07061,2.27205,1.07216
BC099_8,BC099,1.84579,1.6902,1.90049,1.71454,1.05274,1.04471,1.05542,1.04543,1.78775,1.04958
BC099_9,BC099,1.6281,1.58625,1.80028,1.52334,1.04023,1.03834,1.0486,1.03448,1.63449,1.04041
BC099_10,BC099,2.33712,2.33933,2.4562,2.32847,1.07268,1.07171,1.07742,1.07115,2.36528,1.07324
BC130_1,BC130,1.59789,2.03526,1.76722,1.71131,1.04221,1.06488,1.05136,1.04747,1.77792,1.05148
BC130_2,BC130,2.37971,2.94027,2.32162,2.49113,1.07536,1.09519,1.07341,1.07929,2.53318,1.08081
BC130_3,BC130,1.8817,1.73488,1.91077,1.59887,1.05681,1.04941,1.05849,1.0417,1.78156,1.0516
BC130_4,BC130,3.42974,3.3529,3.98941,3.43246,1.10993,1.1082,1.12515,1.1102,3.55113,1.11337
BC130_5,BC130,1.73198,1.71811,1.66328,1.64813,1.04653,1.04599,1.04318,1.04223,1.69038,1.04448
BC130_6,BC130,0,0,0,0,-inf,-inf,-inf,-inf,0,-inf
BC130_7,BC130,1.98497,1.69939,2.11313,1.89467,1.06322,1.04888,1.07035,1.05838,1.92304,1.06021
BC130_8,BC130,1.31766,1.25308,1.30549,1.21484,1.02504,1.02069,1.02447,1.0176,1.27277,1.02195
BC130_9,BC130,1.84788,1.48237,2.24223,1.77632,1.05739,1.0366,1.07562,1.05217,1.8372,1.05544
BC130_10,BC130,2.85418,3.25196,3.44503,3.03014,1.09779,1.1116,1.11812,1.1022,3.14533,1.10743
BC162_1,BC162,0,0,0,0,-inf,-inf,-inf,-inf,0,-inf
BC162_2,BC162,0,0,0,0,-inf,-inf,-inf,-inf,0,-inf
BC162_3,BC162,0,0,0,0,-inf,-inf,-inf,-inf,0,-inf
BC162_4,BC162,0,0,0,0,-inf,-inf,-inf,-inf,0,-inf
BC162_5,BC162,0,0,0,0,-inf,-inf,-inf,-inf,0,-inf
BC162_6,BC162,0,0,0,0,-inf,-inf,-inf,-inf,0,-inf
BC162_7,BC162,0,0,0,0,-inf,-inf,-inf,-inf,0,-inf
BC162_8,BC162,0,0,0,0,-inf,-inf,-inf,-inf,0,-inf
BC162_9,BC162,0,0,0,0,-inf,-inf,-inf,-inf,0,-inf
BC162_10,BC162,0,0,0,0,-inf,-inf,-inf,-inf,0,-inf
BC166_1,BC166,0.976384,1.01481,1.12174,0.925426,0.997878,1.0013,1.01021,0.993223,1.00959,1.00065
BC166_2,BC166,0.790425,0.956266,0.917647,0.893105,0.978881,0.995925,0.992249,0.989868,0.88936,0.989231
BC166_3,BC166,0.951609,1.04382,0.908501,0.86778,0.995476,1.00399,0.99114,0.987015,0.942926,0.994405
BC166_4,BC166,0,0,0,0,-inf,-inf,-inf,-inf,0,-inf
BC166_5,BC166,0.696322,0.776541,0.785534,0.812593,0.966653,0.976311,0.977649,0.98073,0.767747,0.975336
BC166_6,BC166,0.810336,1.09015,0.841574,0.683512,0.981342,1.0079,0.984474,0.965773,0.856393,0.984872
BC166_7,BC166,0.538296,0.540175,0.477867,0.500586,0.945261,0.945711,0.934833,0.939795,0.514231,0.9414
BC166_8,BC166,1.42107,1.30599,1.66828,1.18772,1.03134,1.02351,1.04562,1.01501,1.39576,1.02887
BC166_9,BC166,1.81922,1.66404,1.78931,1.60121,1.05083,1.04292,1.04948,1.03934,1.71844,1.04564
BC166_10,BC166,0.836145,0.982674,0.957894,0.81051,0.984109,0.998401,0.996117,0.981297,0.896806,0.989981
BC215_1,BC215,4.06129,4.45085,4.16789,4.27413,1.13106,1.14076,1.13518,1.1353,4.23854,1.13557
BC215_2,BC215,0,0,0,0,-inf,-inf,-inf,-inf,0,-inf
BC215_3,BC215,3.69501,3.91833,4.42821,3.58893,1.10965,1.11469,1.12494,1.10639,3.90762,1.11392
BC215_4,BC215,3.0823,2.95385,3.30298,2.8727,1.09337,1.09019,1.09946,1.08675,3.05296,1.09244
BC215_5,BC215,4.73014,5.57695,5.058,5.11283,1.13448,1.15004,1.14094,1.14099,5.11948,1.14161
BC215_6,BC215,3.39994,3.35143,3.70173,3.40947,1.10545,1.10331,1.11271,1.10437,3.46564,1.10646
BC215_7,BC215,4.08871,4.26885,4.8721,4.18873,1.12573,1.13084,1.14322,1.12738,4.3546,1.13179
BC215_8,BC215,1.94718,2.28177,2.17309,2.28393,1.0593,1.07288,1.06966,1.07194,2.17149,1.06844
BC215_9,BC215,4.00161,4.11636,4.1536,4.50242,1.12438,1.12887,1.12958,1.13542,4.1935,1.12956
BC215_10,BC215,3.01084,3.00278,2.83825,2.75687,1.0973,1.09696,1.09166,1.08822,2.90218,1.09354
BC237_1,BC237,3.04712,4.06586,3.09581,4.11362,1.10459,1.13153,1.10615,1.13133,3.58061,1.1184
BC237_2,BC237,3.89913,3.48682,3.85514,3.50393,1.1181,1.11086,1.11851,1.10899,3.68626,1.11412
BC237_3,BC237,1.99115,2.44754,1.9379,1.79517,1.05972,1.07842,1.05716,1.04997,2.04294,1.06132
BC237_4,BC237,2.24934,2.25115,1.98661,2.3186,1.06975,1.07032,1.05932,1.07207,2.20142,1.06787
BC237_5,BC237,2.08365,2.09462,2.53391,2.36676,1.06609,1.06685,1.08385,1.0767,2.26974,1.07338
BC237_6,BC237,2.78052,2.33643,2.38503,2.67185,1.09174,1.0752,1.07665,1.08692,2.54346,1.08263
BC237_7,BC237,0,0,0,0,-inf,-inf,-inf,-inf,0,-inf
BC237_8,BC237,0.960443,0.932472,1.0781,0.942512,0.996488,0.993816,1.00661,0.994891,0.978382,0.997952
BC237_9,BC237,0.909733,0.763087,0.7182,0.679299,0.991407,0.975168,0.969876,0.965306,0.76758,0.975439
BC237_10,BC237,2.92072,2.54816,2.73772,2.75559,1.09596,1.08475,1.09024,1.08908,2.74055,1.09001
BC312_1,BC312,1.48982,1.42087,1.40077,1.41998,1.03471,1.03105,1.02966,1.03067,1.43286,1.03152
BC312_2,BC312,1.44863,1.47223,1.60206,1.35579,1.03319,1.03525,1.0427,1.02735,1.46968,1.03462
BC312_3,BC312,1.7767,1.89507,1.8422,1.69436,1.05136,1.05841,1.05494,1.04776,1.80208,1.05312
BC312_4,BC312,1.60906,1.32574,1.40254,1.24459,1.03981,1.02336,1.02799,1.01792,1.39548,1.02727
BC312_5,BC312,1.92049,2.0153,1.84647,1.88582,1.05928,1.06539,1.05555,1.05793,1.91702,1.05954
BC312_6,BC312,1.71057,1.74421,2.0451,1.73224,1.04738,1.04969,1.0645,1.04841,1.80803,1.05249
BC312_7,BC312,1.37647,1.18533,1.354,1.2483,1.02781,1.01481,1.02647,1.01907,1.29103,1.02204
BC312_8,BC312,1.23727,1.4112,1.34767,1.31798,1.01963,1.03282,1.02792,1.02575,1.32853,1.02653
BC312_9,BC312,1.68987,1.88572,1.7813,1.6414,1.04585,1.05616,1.05031,1.0432,1.74957,1.04888
BC312_10,BC312,1.44248,1.67701,1.40668,1.41353,1.03211,1.04569,1.02974,1.03014,1.48492,1.03442
BC342_1,BC342,3.11269,3.33417,3.02695,3.20515,1.1016,1.10934,1.10018,1.1042,3.16974,1.10383
BC342_2,BC342,1.88695,1.59669,2.06626,1.78275,1.05617,1.04173,1.06498,1.05095,1.83316,1.05346
BC342_3,BC342,5.12902,4.79138,5.22729,4.07203,1.14823,1.14126,1.15027,1.1249,4.80493,1.14117
BC342_4,BC342,1.51285,1.32252,1.56106,1.64994,1.03701,1.02535,1.03996,1.0455,1.51159,1.03695
BC342_5,BC342,2.48892,2.63434,2.50388,2.54918,1.07714,1.08106,1.07735,1.07758,2.54408,1.07828
BC342_6,BC342,3.18474,2.69725,3.37746,2.39888,1.10634,1.09042,1.11194,1.07862,2.91458,1.09683
BC342_7,BC342,5.3129,4.74079,5.69136,5.41057,1.14504,1.1353,1.15232,1.14706,5.28891,1.14493
BC342_8,BC342,2.54109,2.83773,2.57936,2.36411,1.08335,1.09529,1.08539,1.07701,2.58057,1.08526
BC342_9,BC342,2.55223,2.36758,2.40763,2.36653,1.08808,1.0819,1.08364,1.08082,2.42349,1.08361
BC342_10,BC342,3.98609,3.48336,3.86019,3.52389,1.11972,1.10894,1.11766,1.10912,3.71338,1.11386
BC360_1,BC360,1.52184,1.87063,1.54795,1.78291,1.03839,1.05753,1.04042,1.05242,1.68083,1.04719
BC360_2,BC360,3.3484,3.29198,3.45319,3.2392,1.10801,1.10704,1.11169,1.10468,3.3332,1.10785
BC360_3,BC360,1.33437,1.32693,1.28802,1.37319,1.02419,1.02411,1.02136,1.0265,1.33063,1.02404
BC360_4,BC360,1.16982,1.32658,1.30258,1.27204,1.01436,1.02628,1.02454,1.022,1.26776,1.02179
BC360_5,BC360,1.64372,1.68127,1.56085,1.57004,1.04414,1.04639,1.03991,1.0398,1.61397,1.04256
BC360_6,BC360,1.55198,1.47468,1.64548,1.47712,1.03695,1.03303,1.04242,1.03277,1.53731,1.03629
BC360_7,BC360,1.87611,1.81646,1.84461,1.74493,1.05508,1.0531,1.0539,1.04871,1.82053,1.0527
BC360_8,BC360,1.45257,1.54049,1.50399,1.43516,1.03403,1.03985,1.03737,1.03271,1.48305,1.03599
BC360_9,BC360,0.917617,1.03584,1.03995,1.06804,0.991949,1.00335,1.0037,1.00612,1.01536,1.00128
BC360_10,BC360,1.19223,1.46348,1.19538,1.27205,1.01704,1.03812,1.01731,1.02328,1.28078,1.02394
GC2405-9_1,GC2405-9,1.38254,1.30488,1.41811,1.43108,1.02776,1.02277,1.03001,1.03032,1.38415,1.02771
GC2405-9_2,GC2405-9,1.50349,1.61888,1.49741,1.63364,1.03727,1.04472,1.03714,1.04482,1.56335,1.04099
GC2405-9_3,GC2405-9,1.00442,1.0352,0.971506,0.978683,1.00037,1.00293,0.997507,0.998188,0.99745,0.999751
GC2405-9_4,GC2405-9,1.68864,1.39977,1.36086,1.43954,1.04756,1.02991,1.02744,1.03211,1.4722,1.03425
GC2405-9_5,GC2405-9,1.43758,1.42224,1.36135,1.44599,1.03282,1.03175,1.0282,1.03298,1.41679,1.03144
GC2405-9_6,GC2405-9,2.95845,3.43559,2.96844,3.41257,1.09798,1.1126,1.09831,1.11088,3.19376,1.10494
GC2405-9_7,GC2405-9,1.54662,1.77292,1.78715,2.14179,1.03961,1.05184,1.05299,1.06961,1.81212,1.05351
GC2405-9_8,GC2405-9,2.4382,2.30409,2.45736,2.17589,1.07481,1.07049,1.07549,1.06488,2.34389,1.07142
GC2405-9_9,GC2405-9,1.13934,1.22684,1.17745,1.22062,1.01133,1.0184,1.01436,1.01747,1.19106,1.01539
GC2405-9_10,GC2405-9,4.57761,4.66571,5.09373,4.43338,1.12965,1.13153,1.13921,1.12566,4.69261,1.13151
