negative_control_mod_1,negative_control_mod,1.90776,1.92071,1.89449,1.79054,1.06077,1.061,1.06038,1.05389,1.87838,1.05901
negative_control_mod_2,negative_control_mod,1.64832,1.85,1.67781,1.82439,1.04149,1.05189,1.04331,1.0504,1.75013,1.04677
negative_control_mod_3,negative_control_mod,2.24017,2.25664,2.69586,2.12247,1.07009,1.07131,1.08742,1.0648,2.32879,1.0734
negative_control_mod_4,negative_control_mod,1.62323,1.65043,1.54136,1.60864,1.04332,1.04472,1.03907,1.04191,1.60592,1.04225
negative_control_mod_5,negative_control_mod,1.52569,1.71197,1.53989,1.60271,1.03619,1.0464,1.03696,1.04035,1.59507,1.03998
negative_control_mod_6,negative_control_mod,3.35849,3.2453,3.48878,2.97972,1.10797,1.10615,1.11219,1.09635,3.26807,1.10566
negative_control_mod_7,negative_control_mod,1.17703,1.19015,1.25632,1.11004,1.01447,1.01582,1.02054,1.0093,1.18339,1.01503
negative_control_mod_8,negative_control_mod,1.37138,1.33416,1.46845,1.59599,1.02819,1.02636,1.03494,1.04191,1.44249,1.03285
negative_control_mod_9,negative_control_mod,1.30482,1.43248,1.41341,1.44376,1.02302,1.03095,1.03,1.03117,1.39862,1.02879
negative_control_mod_10,negative_control_mod,0,0,0,0,-inf,-inf,-inf,-inf,0,-inf
negative_control_new_1,negative_control_new,1.12282,1.1155,1.14826,1.07014,1.01091,1.01043,1.013,1.00636,1.11418,1.01018
negative_control_new_2,negative_control_new,5.02677,5.53039,5.55754,4.97526,1.14701,1.16125,1.15977,1.14968,5.27249,1.15443
negative_control_new_3,negative_control_new,2.53072,2.60777,2.4967,2.92302,1.0869,1.0917,1.08686,1.10188,2.63955,1.09183
negative_control_new_4,negative_control_new,1.2812,1.11137,1.37113,1.01425,1.02328,1.00993,1.02995,1.00131,1.19449,1.01612
negative_control_new_5,negative_control_new,1.93621,1.862,2.33276,2.0839,1.06319,1.05935,1.0838,1.06993,2.05372,1.06907
negative_control_new_6,negative_control_new,4.2693,3.86916,3.95793,3.42933,1.13551,1.12637,1.12804,1.11254,3.88143,1.12562
negative_control_new_7,negative_control_new,1.03298,1.04854,1.04363,1.0425,1.00283,1.00414,1.00376,1.00357,1.04191,1.00357
negative_control_new_8,negative_control_new,2.92339,2.8321,2.55763,2.57325,1.0983,1.09489,1.08657,1.0849,2.72159,1.09117
negative_control_new_9,negative_control_new,1.06709,0.984092,1.05596,0.992708,1.00618,0.998485,1.00526,0.999318,1.02496,1.00231
negative_control_new_10,negative_control_new,2.24119,1.87203,2.42276,1.69385,1.07503,1.05799,1.0823,1.04789,2.05746,1.0658
