Top_Day1_BC099_DSC_0577,17329.0,4.23877,099-1,Top_Day56_BC099_DSC_0880,13656.0,4.13532,099-1,0.788043,0.975594
Top_Day1_BC099_DSC_0569,33604.0,4.52639,099-10,Top_Day56_BC099_DSC_0888,31666.0,4.50059,099-10,0.942328,0.994301
Top_Day1_BC099_DSC_0578,19070.0,4.28035,099-2,Top_Day56_BC099_DSC_0881,7082.0,3.85016,099-2,0.371369,0.899495
Top_Day1_BC099_DSC_0570,24266.0,4.385,099-3,Top_Day56_BC099_DSC_0882,15083.0,4.17849,099-3,0.621569,0.952905
Top_Day1_BC099_DSC_0574,23057.0,4.3628,099-4,Top_Day56_BC099_DSC_0883,36416.0,4.56129,099-4,1.57939,1.0455
Top_Day1_BC099_DSC_0576,39920.0,4.60119,099-5,Top_Day56_BC099_DSC,0,-inf,099-5,0,-inf
Top_Day1_BC099_DSC_0575,17985.0,4.25491,099-6,Top_Day56_BC099_DSC_0884,43347.0,4.63696,099-6,2.41018,1.08979
Top_Day1_BC099_DSC_0571,21165.0,4.32562,099-7,Top_Day56_BC099_DSC_0885,14491.0,4.1611,099-7,0.684668,0.961966
Top_Day1_BC099_DSC_0572,33465.0,4.52459,099-8,Top_Day56_BC099_DSC_0886,21931.0,4.34106,099-8,0.655341,0.959437
Top_Day1_BC099_DSC_0573,46977.0,4.67189,099-9,Top_Day56_BC099_DSC_0887,42615.0,4.62956,099-9,0.907146,0.990941
Top_Day1_BC130_DSC_0531,26202.0,4.41833,130-1,Top_Day56_BC130_DSC_0832,18382.0,4.26439,130-1,0.70155,0.965158
Top_Day1_BC130_DSC_0537,14154.0,4.15088,130-10,Top_Day56_BC130_DSC_0840,19063.0,4.28019,130-10,1.34683,1.03115
Top_Day1_BC130_DSC_0530,25900.0,4.4133,130-2,Top_Day56_BC130_DSC_0833,24845.0,4.39524,130-2,0.959266,0.995908
Top_Day1_BC130_DSC_0529,21526.0,4.33296,130-3,Top_Day56_BC130_DSC_0834,15851.0,4.20006,130-3,0.736365,0.969327
Top_Day1_BC130_DSC_0534,27373.0,4.43732,130-4,Top_Day56_BC130_DSC_0835,41844.0,4.62163,130-4,1.52866,1.04154
Top_Day1_BC130_DSC_0532,47101.0,4.67303,130-5,Top_Day56_BC130_DSC_0836,31688.0,4.50089,130-5,0.672767,0.963164
Top_Day1_BC130_DSC_0535,25228.0,4.40188,130-6,Top_Day56_BC130_DSC,0,-inf,130-6,0,-inf
Top_Day1_BC130_DSC_0533,20259.0,4.30662,130-7,Top_Day56_BC130_DSC_0837,15195.0,4.1817,130-7,0.750037,0.970994
Top_Day1_BC130_DSC_0536,20559.0,4.313,130-8,Top_Day56_BC130_DSC_0838,12938.0,4.11187,130-8,0.629311,0.953365
Top_Day1_BC130_DSC_0538,16677.0,4.22212,130-9,Top_Day56_BC130_DSC_0839,21225.0,4.32685,130-9,1.27271,1.02481
Top_Day1_BC162_DSC_0547,26315.0,4.4202,162-1,Top_Day56_BC162_DSC,0,-inf,162-1,0,-inf
Top_Day1_BC162_DSC_0546,25679.0,4.40958,162-10,Top_Day56_BC162_DSC,0,-inf,162-10,0,-inf
Top_Day1_BC162_DSC_0548,32453.0,4.51125,162-2,Top_Day56_BC162_DSC,0,-inf,162-2,0,-inf
Top_Day1_BC162_DSC_0539,34307.0,4.53538,162-3,Top_Day56_BC162_DSC,0,-inf,162-3,0,-inf
Top_Day1_BC162_DSC_0540,24574.0,4.39048,162-4,Top_Day56_BC162_DSC,0,-inf,162-4,0,-inf
Top_Day1_BC162_DSC_0541,23707.0,4.37488,162-5,Top_Day56_BC162_DSC,0,-inf,162-5,0,-inf
Top_Day1_BC162_DSC_0542,27839.0,4.44465,162-6,Top_Day56_BC162_DSC,0,-inf,162-6,0,-inf
Top_Day1_BC162_DSC_0544,14510.0,4.16167,162-7,Top_Day56_BC162_DSC,0,-inf,162-7,0,-inf
Top_Day1_BC162_DSC_0545,23181.0,4.36513,162-8,Top_Day56_BC162_DSC,0,-inf,162-8,0,-inf
Top_Day1_BC162_DSC_0543,20381.0,4.30923,162-9,Top_Day56_BC162_DSC,0,-inf,162-9,0,-inf
Top_Day1_BC166_DSC_0608,26523.0,4.42362,166-1,Top_Day56_BC166_DSC_0861,10632.0,4.02661,166-1,0.40086,0.910253
Top_Day1_BC166_DSC_0607,23911.0,4.3786,166-10,Top_Day56_BC166_DSC_0869,6080.0,3.7839,166-10,0.254276,0.864182
Top_Day1_BC166_DSC_0609,21887.0,4.34019,166-2,Top_Day56_BC166_DSC_0862,6478.0,3.81144,166-2,0.295975,0.878175
Top_Day1_BC166_DSC_0600,18770.0,4.27346,166-3,Top_Day56_BC166_DSC_0863,5616.0,3.74943,166-3,0.299201,0.877374
Top_Day1_BC166_DSC_0601,29171.0,4.46495,166-4,Top_Day56_BC166_DSC,0,-inf,166-4,0,-inf
Top_Day1_BC166_DSC_0602,13460.0,4.12905,166-5,Top_Day56_BC166_DSC_0864,4730.0,3.67486,166-5,0.351412,0.890003
Top_Day1_BC166_DSC_0603,26838.0,4.42875,166-6,Top_Day56_BC166_DSC_0865,11070.0,4.04415,166-6,0.412475,0.913158
Top_Day1_BC166_DSC_0604,26013.0,4.41519,166-7,Top_Day56_BC166_DSC_0866,3760.0,3.57519,166-7,0.144543,0.809747
Top_Day1_BC166_DSC_0605,26881.0,4.42945,166-8,Top_Day56_BC166_DSC_0867,8807.0,3.94483,166-8,0.327629,0.890592
Top_Day1_BC166_DSC_0606,34753.0,4.54099,166-9,Top_Day56_BC166_DSC_0868,24407.0,4.38751,166-9,0.702299,0.966202
Top_Day1_BC215_DSC_0551,13332.0,4.1249,215-1,Top_Day56_BC215_DSC_0889,21515.0,4.33274,215-1,1.61379,1.05039
Top_Day1_BC215_DSC_0557,24138.0,4.3827,215-10,Top_Day56_BC215_DSC_0897,30768.0,4.4881,215-10,1.27467,1.02405
Top_Day1_BC215_DSC_0558,30332.0,4.4819,215-2,Top_Day56_BC215_DSC,0,-inf,215-2,0,-inf
Top_Day1_BC215_DSC_0550,43022.0,4.63369,215-3,Top_Day56_BC215_DSC_0890,66287.0,4.82143,215-3,1.54077,1.04052
Top_Day1_BC215_DSC_0552,50743.0,4.70538,215-4,Top_Day56_BC215_DSC_0891,72194.0,4.8585,215-4,1.42274,1.03254
Top_Day1_BC215_DSC_0549,29995.0,4.47705,215-5,Top_Day56_BC215_DSC_0892,71656.0,4.85525,215-5,2.38893,1.08448
Top_Day1_BC215_DSC_0553,30542.0,4.4849,215-6,Top_Day56_BC215_DSC_0893,45489.0,4.65791,215-6,1.48939,1.03858
Top_Day1_BC215_DSC_0554,23531.0,4.37164,215-7,Top_Day56_BC215_DSC_0894,36996.0,4.56815,215-7,1.57222,1.04495
Top_Day1_BC215_DSC_0556,24427.0,4.38787,215-8,Top_Day56_BC215_DSC_0895,22649.0,4.35505,215-8,0.927212,0.99252
Top_Day1_BC215_DSC_0555,19171.0,4.28264,215-9,Top_Day56_BC215_DSC_0896,37296.0,4.57166,215-9,1.94544,1.06749
Top_Day1_BC237_DSC_0527,14828.0,4.17108,237-1,Top_Day56_BC237_DSC_0813,13473.0,4.12946,237-1,0.908619,0.990022
Top_Day1_BC237_DSC_0526,21210.0,4.32654,237-10,Top_Day56_BC237_DSC_0821,13289.0,4.12349,237-10,0.626544,0.953069
Top_Day1_BC237_DSC_0528,34473.0,4.53748,237-2,Top_Day56_BC237_DSC_0814,33349.0,4.52308,237-2,0.967395,0.996827
Top_Day1_BC237_DSC_0520,25509.0,4.40669,237-3,Top_Day56_BC237_DSC_0815,20945.0,4.32108,237-3,0.821083,0.980572
Top_Day1_BC237_DSC_0521,28456.0,4.45417,237-4,Top_Day56_BC237_DSC_0816,24413.0,4.38762,237-4,0.857921,0.985058
Top_Day1_BC237_DSC_0522,17762.0,4.24949,237-5,Top_Day56_BC237_DSC_0817,9713.0,3.98735,237-5,0.546842,0.938313
Top_Day1_BC237_DSC_0523,29356.0,4.4677,237-6,Top_Day56_BC237_DSC_0818,14916.0,4.17365,237-6,0.508107,0.934184
Top_Day1_BC237_DSC_0524,13835.0,4.14098,237-7,Top_Day56_BC237_DSC,0,-inf,237-7,0,-inf
Top_Day1_BC237_DSC_0525,24706.0,4.3928,237-8,Top_Day56_BC237_DSC_0819,7561.0,3.87858,237-8,0.306039,0.88294
Top_Day1_BC237_DSC_0519,16976.0,4.22984,237-9,Top_Day56_BC237_DSC_0820,2215.0,3.34537,237-9,0.130478,0.790899
Top_Day1_BC312_DSC_0588,24051.0,4.38113,312-1,Top_Day56_BC312_DSC_0870,12240.0,4.08778,312-1,0.508919,0.933042
Top_Day1_BC312_DSC_0587,27413.0,4.43796,312-10,Top_Day56_BC312_DSC_0879,18693.0,4.27168,312-10,0.681903,0.962533
Top_Day1_BC312_DSC_0579,18958.0,4.27779,312-2,Top_Day56_BC312_DSC_0871,8210.0,3.91434,312-2,0.433063,0.915038
Top_Day1_BC312_DSC_0580,26215.0,4.41855,312-3,Top_Day56_BC312_DSC_0872,13229.0,4.12153,312-3,0.504635,0.932778
Top_Day1_BC312_DSC_0581,55839.0,4.74694,312-4,Top_Day56_BC312_DSC_0873,27509.0,4.43947,312-4,0.492649,0.935229
Top_Day1_BC312_DSC_0582,20934.0,4.32085,312-5,Top_Day56_BC312_DSC_0874,17954.0,4.25416,312-5,0.857648,0.984565
Top_Day1_BC312_DSC_0583,22364.0,4.34955,312-6,Top_Day56_BC312_DSC_0875,22303.0,4.34836,312-6,0.997272,0.999727
Top_Day1_BC312_DSC_0584,24820.0,4.3948,312-7,Top_Day56_BC312_DSC_0876,16652.0,4.22147,312-7,0.670911,0.960559
Top_Day1_BC312_DSC_0585,13012.0,4.11434,312-8,Top_Day56_BC312_DSC_0877,8292.0,3.91866,312-8,0.637258,0.952438
Top_Day1_BC312_DSC_0586,25698.0,4.4099,312-9,Top_Day56_BC312_DSC_0878,19537.0,4.29086,312-9,0.760254,0.973006
Top_Day1_BC342_DSC_0559,18382.0,4.26439,342-1,Top_Day56_BC342_DSC_0841,19825.0,4.29721,342-1,1.0785,1.0077
Top_Day1_BC342_DSC_0567,29109.0,4.46403,342-10,Top_Day56_BC342_DSC_0850,38752.0,4.58829,342-10,1.33127,1.02784
Top_Day1_BC342_DSC_0568,24623.0,4.39134,342-2,Top_Day56_BC342_DSC_0842,80678.0,4.90676,342-2,3.27653,1.11737
Top_Day1_BC342_DSC_0560,16083.0,4.20637,342-3,Top_Day56_BC342_DSC_0843,28245.0,4.45094,342-3,1.7562,1.05814
Top_Day1_BC342_DSC_0561,22486.0,4.35191,342-4,Top_Day56_BC342_DSC_0844,14975.0,4.17537,342-4,0.66597,0.959433
Top_Day1_BC342_DSC_0562,44921.0,4.65245,342-5,Top_Day56_BC342_DSC_0845,46190.0,4.66455,342-5,1.02825,1.0026
Top_Day1_BC342_DSC_0563,17970.0,4.25455,342-6,Top_Day56_BC342_DSC_0846,19519.0,4.29046,342-6,1.0862,1.00844
Top_Day1_BC342_DSC_0564,28743.0,4.45853,342-7,Top_Day56_BC342_DSC_0847,56166.0,4.74947,342-7,1.95408,1.06525
Top_Day1_BC342_DSC_0565,21936.0,4.34116,342-8,Top_Day56_BC342_DSC_0848,24636.0,4.39157,342-8,1.12309,1.01161
Top_Day1_BC342_DSC_0566,13201.0,4.12061,342-9,Top_Day56_BC342_DSC_0849,21249.0,4.32734,342-9,1.60965,1.05017
Top_Day1_BC360_DSC_0589,16296.0,4.21208,360-1,Top_Day56_BC360_DSC_0898,12594.0,4.10016,360-1,0.772828,0.973429
Top_Day1_BC360_DSC_0599,8892.0,3.949,360-10,Top_Day56_BC360_DSC_0907,6640.0,3.82217,360-10,0.746739,0.967883
Top_Day1_BC360_DSC_0592,20709.0,4.31616,360-2,Top_Day56_BC360_DSC_0899,26487.0,4.42303,360-2,1.27901,1.02476
Top_Day1_BC360_DSC_0591,40106.0,4.60321,360-3,Top_Day56_BC360_DSC_0900,32567.0,4.51278,360-3,0.812023,0.980355
Top_Day1_BC360_DSC_0593,16268.0,4.21133,360-4,Top_Day56_BC360_DSC_0901,10850.0,4.03543,360-4,0.666954,0.958231
Top_Day1_BC360_DSC_0594,24853.0,4.39538,360-5,Top_Day56_BC360_DSC_0902,17411.0,4.24082,360-5,0.700559,0.964837
Top_Day1_BC360_DSC_0595,40523.0,4.6077,360-6,Top_Day56_BC360_DSC_0903,24555.0,4.39014,360-6,0.605952,0.952783
Top_Day1_BC360_DSC_0596,32135.0,4.50698,360-7,Top_Day56_BC360_DSC_0904,27161.0,4.43395,360-7,0.845215,0.983796
Top_Day1_BC360_DSC_0597,13649.0,4.1351,360-8,Top_Day56_BC360_DSC_0905,7156.0,3.85467,360-8,0.524287,0.932183
Top_Day1_BC360_DSC_0598,12636.0,4.10161,360-9,Top_Day56_BC360_DSC_0906,6583.0,3.81842,360-9,0.520972,0.930957
Top_Day1_GC2405-9_DSC_0509,37405.0,4.57293,GC-1,Top_Day56_GC2405-9_DSC_0822,15574.0,4.1924,GC-1,0.416361,0.916786
Top_Day1_GC2405-9_DSC_0516,31782.0,4.50218,GC-10,Top_Day56_GC2405-9_DSC_0831,57029.0,4.7561,GC-10,1.79438,1.0564
Top_Day1_GC2405-9_DSC_0518,14278.0,4.15467,GC-2,Top_Day56_GC2405-9_DSC_0823,8380.0,3.92324,GC-2,0.586917,0.944298
Top_Day1_GC2405-9_DSC_0517,34623.0,4.53936,GC-3,Top_Day56_GC2405-9_DSC_0824,16115.0,4.20723,GC-3,0.465442,0.926832
Top_Day1_GC2405-9_DSC_0510,25629.0,4.40873,GC-4,Top_Day56_GC2405-9_DSC_0825,10121.0,4.00522,GC-4,0.394904,0.908475
Top_Day1_GC2405-9_DSC_0511,20112.0,4.30346,GC-5,Top_Day56_GC2405-9_DSC_0826,10279.0,4.01195,GC-5,0.511088,0.932263
Top_Day1_GC2405-9_DSC_0512,19495.0,4.28992,GC-6,Top_Day56_GC2405-9_DSC_0827,23489.0,4.37086,GC-6,1.20487,1.01887
Top_Day1_GC2405-9_DSC_0513,18672.0,4.27119,GC-7,Top_Day56_GC2405-9_DSC_0828,15688.0,4.19557,GC-7,0.840189,0.982295
Top_Day1_GC2405-9_DSC_0514,43072.0,4.6342,GC-8,Top_Day56_GC2405-9_DSC_0829,38854.0,4.58944,GC-8,0.902071,0.990342
Top_Day1_GC2405-9_DSC_0515,32207.0,4.50795,GC-9,Top_Day56_GC2405-9_DSC_0830,9993.0,3.9997,GC-9,0.310274,0.887254
