Top_Day1_negative control_DSC_0192,5713.0,3.75686,n-1,Top_Day56_negative control_DSC_0683,19061.0,4.28015,n-1,3.33643,1.13929
Top_Day1_negative control_DSC_0201,7908.0,3.89807,n-10,Top_Day56_negativecontrol_DSC,0,-inf,n-10,0,-inf
Top_Day1_negative control_DSC_0193,14520.0,4.16197,n-2,Top_Day56_negative control_DSC_0682,67187.0,4.82729,n-2,4.6272,1.15986
Top_Day1_negative control_DSC_0194,12120.0,4.0835,n-3,Top_Day56_negative control_DSC_0681,46771.0,4.66998,n-3,3.85899,1.14362
Top_Day1_negative control_DSC_0195,9214.0,3.96445,n-4,Top_Day56_negative control_DSC_0680,29343.0,4.4675,n-4,3.18461,1.12689
Top_Day1_negative control_DSC_0196,9656.0,3.9848,n-5,Top_Day56_negative control_DSC_0678,34077.0,4.53246,n-5,3.5291,1.13744
Top_Day1_negative control_DSC_0197,8072.0,3.90698,n-6,Top_Day56_negative control_DSC_0676,44162.0,4.64505,n-6,5.47101,1.18891
Top_Day1_negative control_DSC_0198,8124.0,3.90977,n-7,Top_Day56_negative control_DSC_0677,19999.0,4.30101,n-7,2.46172,1.10007
Top_Day1_negative control_DSC_0199,8498.0,3.92932,n-8,Top_Day56_negative control_DSC_0675,19103.0,4.2811,n-8,2.24794,1.08953
Top_Day1_negative control_DSC_0200,8651.0,3.93707,n-9,Top_Day56_negative control_DSC_0674,28696.0,4.45782,n-9,3.31707,1.13227
Top_Day1_negative control_DSC_0202,4058.0,3.60831,nn-1,Top_Day56_negative control_DSC_0673,7278.0,3.86201,nn-1,1.79349,1.07031
Top_Day1_negative control_DSC_0211,7260.0,3.86094,nn-10,Top_Day56_negative control_DSC_0664,24668.0,4.39213,nn-10,3.3978,1.13758
Top_Day1_negative control_DSC_0203,6360.0,3.80346,nn-2,Top_Day56_negative control_DSC_0672,63459.0,4.80249,nn-2,9.97783,1.26267
Top_Day1_negative control_DSC_0205,4695.0,3.67164,nn-3,Top_Day56_negative control_DSC_0671,22716.0,4.35633,nn-3,4.83834,1.18648
Top_Day1_negative control_DSC_0206,4359.0,3.63939,nn-4,Top_Day56_negative control_DSC_0670,8330.0,3.92065,nn-4,1.91099,1.07728
Top_Day1_negative control_DSC_0207,4263.0,3.62972,nn-5,Top_Day56_negative control_DSC_0669,14040.0,4.14737,nn-5,3.29346,1.14261
Top_Day1_negative control_DSC_0208,6373.0,3.80434,nn-6,Top_Day56_negative control_DSC_0668,45412.0,4.65717,nn-6,7.12569,1.22417
Top_Day1_negative control_DSC_0204,10257.0,4.01102,nn-7,Top_Day56_negative control_DSC_0667,17292.0,4.23785,nn-7,1.68587,1.05655
Top_Day1_negative control_DSC_0209,8182.0,3.91286,nn-8,Top_Day56_negative control_DSC_0666,43594.0,4.63943,nn-8,5.32804,1.18569
Top_Day1_negative control_DSC_0210,5078.0,3.70569,nn-9,Top_Day56_negative control_DSC_0665,7474.0,3.87355,nn-9,1.47184,1.0453
